Middle layer Super Output Areas Code,Middle layer Super Output Areas,shared_ownership
E02000001,City of London 001,12
E02000002,Barking and Dagenham 001,10
E02000003,Barking and Dagenham 002,24
E02000004,Barking and Dagenham 003,16
E02000005,Barking and Dagenham 004,47
E02000007,Barking and Dagenham 006,60
E02000008,Barking and Dagenham 007,45
E02000009,Barking and Dagenham 008,79
E02000010,Barking and Dagenham 009,49
E02000011,Barking and Dagenham 010,14
E02000012,Barking and Dagenham 011,10
E02000013,Barking and Dagenham 012,21
E02000014,Barking and Dagenham 013,18
E02000015,Barking and Dagenham 014,67
E02000016,Barking and Dagenham 015,178
E02000017,Barking and Dagenham 016,12
E02000018,Barking and Dagenham 017,19
E02000019,Barking and Dagenham 018,75
E02000020,Barking and Dagenham 019,178
E02000021,Barking and Dagenham 020,29
E02000022,Barking and Dagenham 021,202
E02000023,Barking and Dagenham 022,48
E02000024,Barnet 001,37
E02000025,Barnet 002,33
E02000026,Barnet 003,21
E02000027,Barnet 004,74
E02000028,Barnet 005,9
E02000029,Barnet 006,12
E02000030,Barnet 007,9
E02000031,Barnet 008,104
E02000032,Barnet 009,11
E02000033,Barnet 010,66
E02000034,Barnet 011,59
E02000035,Barnet 012,20
E02000036,Barnet 013,40
E02000037,Barnet 014,110
E02000038,Barnet 015,13
E02000039,Barnet 016,4
E02000040,Barnet 017,70
E02000041,Barnet 018,20
E02000042,Barnet 019,14
E02000043,Barnet 020,9
E02000044,Barnet 021,48
E02000045,Barnet 022,34
E02000046,Barnet 023,16
E02000047,Barnet 024,52
E02000048,Barnet 025,10
E02000049,Barnet 026,144
E02000050,Barnet 027,46
E02000051,Barnet 028,8
E02000052,Barnet 029,14
E02000054,Barnet 031,24
E02000055,Barnet 032,14
E02000056,Barnet 033,13
E02000057,Barnet 034,5
E02000058,Barnet 035,10
E02000059,Barnet 036,39
E02000060,Barnet 037,17
E02000061,Barnet 038,14
E02000062,Barnet 039,30
E02000063,Barnet 040,23
E02000064,Barnet 041,27
E02000065,Bexley 001,15
E02000066,Bexley 002,11
E02000067,Bexley 003,24
E02000068,Bexley 004,160
E02000069,Bexley 005,83
E02000070,Bexley 006,40
E02000071,Bexley 007,14
E02000072,Bexley 008,109
E02000073,Bexley 009,19
E02000074,Bexley 010,136
E02000075,Bexley 011,7
E02000077,Bexley 013,16
E02000078,Bexley 014,21
E02000079,Bexley 015,80
E02000080,Bexley 016,53
E02000081,Bexley 017,21
E02000082,Bexley 018,16
E02000083,Bexley 019,79
E02000084,Bexley 020,22
E02000085,Bexley 021,18
E02000086,Bexley 022,14
E02000087,Bexley 023,35
E02000088,Bexley 024,12
E02000089,Bexley 025,9
E02000090,Bexley 026,77
E02000091,Bexley 027,73
E02000092,Bexley 028,71
E02000093,Brent 001,106
E02000094,Brent 002,122
E02000095,Brent 003,22
E02000096,Brent 004,12
E02000097,Brent 005,16
E02000098,Brent 006,28
E02000099,Brent 007,30
E02000100,Brent 008,21
E02000101,Brent 009,42
E02000102,Brent 010,86
E02000103,Brent 011,74
E02000104,Brent 012,62
E02000105,Brent 013,39
E02000106,Brent 014,31
E02000107,Brent 015,57
E02000108,Brent 016,65
E02000110,Brent 018,30
E02000111,Brent 019,33
E02000112,Brent 020,85
E02000113,Brent 021,34
E02000114,Brent 022,55
E02000115,Brent 023,39
E02000116,Brent 024,103
E02000117,Brent 025,156
E02000118,Brent 026,34
E02000119,Brent 027,211
E02000120,Brent 028,30
E02000121,Brent 029,192
E02000122,Brent 030,33
E02000123,Brent 031,84
E02000124,Brent 032,34
E02000125,Brent 033,26
E02000126,Brent 034,83
E02000127,Bromley 001,38
E02000128,Bromley 002,13
E02000130,Bromley 004,44
E02000131,Bromley 005,67
E02000132,Bromley 006,103
E02000133,Bromley 007,51
E02000134,Bromley 008,16
E02000135,Bromley 009,92
E02000136,Bromley 010,10
E02000137,Bromley 011,16
E02000138,Bromley 012,17
E02000139,Bromley 013,36
E02000140,Bromley 014,53
E02000141,Bromley 015,28
E02000142,Bromley 016,13
E02000144,Bromley 018,64
E02000145,Bromley 019,79
E02000146,Bromley 020,60
E02000147,Bromley 021,2
E02000148,Bromley 022,8
E02000149,Bromley 023,37
E02000150,Bromley 024,17
E02000151,Bromley 025,4
E02000152,Bromley 026,34
E02000153,Bromley 027,4
E02000154,Bromley 028,27
E02000155,Bromley 029,26
E02000156,Bromley 030,22
E02000157,Bromley 031,4
E02000158,Bromley 032,28
E02000159,Bromley 033,10
E02000160,Bromley 034,20
E02000161,Bromley 035,3
E02000162,Bromley 036,10
E02000163,Bromley 037,14
E02000165,Bromley 039,17
E02000166,Camden 001,29
E02000167,Camden 002,14
E02000168,Camden 003,19
E02000169,Camden 004,27
E02000170,Camden 005,24
E02000171,Camden 006,35
E02000172,Camden 007,37
E02000173,Camden 008,9
E02000174,Camden 009,9
E02000175,Camden 010,35
E02000176,Camden 011,14
E02000177,Camden 012,10
E02000178,Camden 013,43
E02000179,Camden 014,5
E02000180,Camden 015,34
E02000181,Camden 016,19
E02000182,Camden 017,34
E02000183,Camden 018,15
E02000184,Camden 019,85
E02000185,Camden 020,43
E02000186,Camden 021,18
E02000187,Camden 022,52
E02000188,Camden 023,13
E02000191,Camden 026,18
E02000192,Camden 027,9
E02000193,Camden 028,38
E02000194,Croydon 001,49
E02000195,Croydon 002,55
E02000196,Croydon 003,24
E02000197,Croydon 004,43
E02000198,Croydon 005,59
E02000199,Croydon 006,25
E02000200,Croydon 007,31
E02000201,Croydon 008,22
E02000202,Croydon 009,17
E02000203,Croydon 010,77
E02000204,Croydon 011,37
E02000206,Croydon 013,91
E02000207,Croydon 014,96
E02000208,Croydon 015,156
E02000209,Croydon 016,22
E02000210,Croydon 017,62
E02000211,Croydon 018,8
E02000212,Croydon 019,70
E02000213,Croydon 020,106
E02000214,Croydon 021,22
E02000215,Croydon 022,62
E02000216,Croydon 023,9
E02000217,Croydon 024,115
E02000218,Croydon 025,6
E02000219,Croydon 026,8
E02000221,Croydon 028,114
E02000222,Croydon 029,43
E02000223,Croydon 030,6
E02000224,Croydon 031,49
E02000225,Croydon 032,25
E02000226,Croydon 033,15
E02000227,Croydon 034,30
E02000228,Croydon 035,5
E02000229,Croydon 036,19
E02000230,Croydon 037,100
E02000231,Croydon 038,6
E02000232,Croydon 039,23
E02000233,Croydon 040,40
E02000234,Croydon 041,182
E02000235,Croydon 042,33
E02000236,Croydon 043,22
E02000237,Croydon 044,6
E02000238,Ealing 001,38
E02000239,Ealing 002,22
E02000240,Ealing 003,69
E02000241,Ealing 004,11
E02000242,Ealing 005,17
E02000243,Ealing 006,33
E02000244,Ealing 007,33
E02000245,Ealing 008,178
E02000246,Ealing 009,14
E02000247,Ealing 010,134
E02000248,Ealing 011,59
E02000249,Ealing 012,74
E02000250,Ealing 013,32
E02000251,Ealing 014,25
E02000252,Ealing 015,162
E02000253,Ealing 016,43
E02000254,Ealing 017,9
E02000255,Ealing 018,28
E02000256,Ealing 019,65
E02000258,Ealing 021,16
E02000259,Ealing 022,41
E02000260,Ealing 023,19
E02000261,Ealing 024,243
E02000262,Ealing 025,72
E02000263,Ealing 026,80
E02000264,Ealing 027,32
E02000265,Ealing 028,115
E02000266,Ealing 029,241
E02000267,Ealing 030,116
E02000268,Ealing 031,34
E02000269,Ealing 032,11
E02000270,Ealing 033,268
E02000271,Ealing 034,17
E02000272,Ealing 035,19
E02000275,Ealing 038,19
E02000276,Ealing 039,15
E02000277,Enfield 001,19
E02000278,Enfield 002,40
E02000279,Enfield 003,202
E02000280,Enfield 004,34
E02000281,Enfield 005,69
E02000282,Enfield 006,23
E02000283,Enfield 007,16
E02000284,Enfield 008,34
E02000285,Enfield 009,6
E02000286,Enfield 010,12
E02000287,Enfield 011,50
E02000288,Enfield 012,70
E02000289,Enfield 013,8
E02000290,Enfield 014,47
E02000291,Enfield 015,23
E02000292,Enfield 016,15
E02000293,Enfield 017,7
E02000294,Enfield 018,32
E02000295,Enfield 019,48
E02000296,Enfield 020,29
E02000297,Enfield 021,10
E02000298,Enfield 022,5
E02000299,Enfield 023,56
E02000300,Enfield 024,9
E02000301,Enfield 025,44
E02000302,Enfield 026,8
E02000303,Enfield 027,17
E02000304,Enfield 028,14
E02000305,Enfield 029,15
E02000306,Enfield 030,81
E02000307,Enfield 031,7
E02000308,Enfield 032,57
E02000309,Enfield 033,37
E02000311,Enfield 035,30
E02000312,Enfield 036,99
E02000313,Greenwich 001,46
E02000314,Greenwich 002,165
E02000315,Greenwich 003,19
E02000317,Greenwich 005,40
E02000318,Greenwich 006,13
E02000319,Greenwich 007,78
E02000320,Greenwich 008,9
E02000321,Greenwich 009,32
E02000323,Greenwich 011,164
E02000324,Greenwich 012,25
E02000326,Greenwich 014,33
E02000327,Greenwich 015,41
E02000328,Greenwich 016,87
E02000329,Greenwich 017,14
E02000331,Greenwich 019,31
E02000332,Greenwich 020,19
E02000333,Greenwich 021,6
E02000334,Greenwich 022,10
E02000335,Greenwich 023,12
E02000337,Greenwich 025,76
E02000339,Greenwich 027,26
E02000340,Greenwich 028,33
E02000341,Greenwich 029,13
E02000342,Greenwich 030,60
E02000343,Greenwich 031,8
E02000344,Greenwich 032,12
E02000345,Hackney 001,99
E02000346,Hackney 002,185
E02000347,Hackney 003,27
E02000348,Hackney 004,36
E02000350,Hackney 006,76
E02000351,Hackney 007,97
E02000352,Hackney 008,57
E02000353,Hackney 009,21
E02000354,Hackney 010,68
E02000355,Hackney 011,48
E02000356,Hackney 012,37
E02000357,Hackney 013,14
E02000358,Hackney 014,80
E02000359,Hackney 015,22
E02000360,Hackney 016,103
E02000361,Hackney 017,74
E02000362,Hackney 018,132
E02000363,Hackney 019,170
E02000364,Hackney 020,98
E02000366,Hackney 022,53
E02000367,Hackney 023,189
E02000368,Hackney 024,55
E02000369,Hackney 025,360
E02000370,Hackney 026,186
E02000372,Hammersmith and Fulham 001,109
E02000373,Hammersmith and Fulham 002,65
E02000374,Hammersmith and Fulham 003,30
E02000375,Hammersmith and Fulham 004,40
E02000376,Hammersmith and Fulham 005,45
E02000377,Hammersmith and Fulham 006,65
E02000378,Hammersmith and Fulham 007,20
E02000379,Hammersmith and Fulham 008,118
E02000380,Hammersmith and Fulham 009,19
E02000381,Hammersmith and Fulham 010,9
E02000382,Hammersmith and Fulham 011,73
E02000383,Hammersmith and Fulham 012,25
E02000384,Hammersmith and Fulham 013,42
E02000385,Hammersmith and Fulham 014,21
E02000386,Hammersmith and Fulham 015,35
E02000387,Hammersmith and Fulham 016,16
E02000388,Hammersmith and Fulham 017,58
E02000389,Hammersmith and Fulham 018,42
E02000390,Hammersmith and Fulham 019,12
E02000391,Hammersmith and Fulham 020,22
E02000392,Hammersmith and Fulham 021,46
E02000393,Hammersmith and Fulham 022,18
E02000394,Hammersmith and Fulham 023,201
E02000395,Hammersmith and Fulham 024,31
E02000396,Hammersmith and Fulham 025,45
E02000397,Haringey 001,38
E02000398,Haringey 002,31
E02000400,Haringey 004,70
E02000401,Haringey 005,20
E02000402,Haringey 006,30
E02000403,Haringey 007,30
E02000404,Haringey 008,27
E02000405,Haringey 009,9
E02000406,Haringey 010,20
E02000407,Haringey 011,60
E02000408,Haringey 012,71
E02000409,Haringey 013,19
E02000410,Haringey 014,9
E02000411,Haringey 015,129
E02000412,Haringey 016,97
E02000413,Haringey 017,46
E02000414,Haringey 018,19
E02000415,Haringey 019,49
E02000416,Haringey 020,144
E02000417,Haringey 021,17
E02000418,Haringey 022,28
E02000419,Haringey 023,35
E02000420,Haringey 024,58
E02000421,Haringey 025,105
E02000422,Haringey 026,47
E02000423,Haringey 027,27
E02000424,Haringey 028,25
E02000425,Haringey 029,48
E02000426,Haringey 030,22
E02000427,Haringey 031,46
E02000428,Haringey 032,45
E02000429,Haringey 033,91
E02000430,Haringey 034,35
E02000431,Haringey 035,8
E02000432,Haringey 036,11
E02000433,Harrow 001,31
E02000434,Harrow 002,100
E02000435,Harrow 003,36
E02000436,Harrow 004,6
E02000437,Harrow 005,23
E02000438,Harrow 006,12
E02000439,Harrow 007,31
E02000440,Harrow 008,6
E02000441,Harrow 009,23
E02000442,Harrow 010,9
E02000443,Harrow 011,34
E02000444,Harrow 012,9
E02000445,Harrow 013,116
E02000447,Harrow 015,19
E02000448,Harrow 016,29
E02000449,Harrow 017,15
E02000451,Harrow 019,21
E02000452,Harrow 020,41
E02000453,Harrow 021,56
E02000454,Harrow 022,3
E02000455,Harrow 023,80
E02000456,Harrow 024,32
E02000457,Harrow 025,65
E02000459,Harrow 027,59
E02000460,Harrow 028,19
E02000461,Harrow 029,30
E02000462,Harrow 030,20
E02000463,Harrow 031,14
E02000464,Havering 001,15
E02000465,Havering 002,29
E02000466,Havering 003,37
E02000467,Havering 004,51
E02000468,Havering 005,25
E02000469,Havering 006,17
E02000470,Havering 007,43
E02000471,Havering 008,9
E02000472,Havering 009,20
E02000473,Havering 010,97
E02000474,Havering 011,56
E02000475,Havering 012,35
E02000476,Havering 013,150
E02000477,Havering 014,6
E02000478,Havering 015,3
E02000479,Havering 016,47
E02000480,Havering 017,84
E02000481,Havering 018,19
E02000482,Havering 019,4
E02000483,Havering 020,6
E02000484,Havering 021,13
E02000485,Havering 022,10
E02000486,Havering 023,4
E02000487,Havering 024,5
E02000488,Havering 025,17
E02000489,Havering 026,27
E02000490,Havering 027,16
E02000491,Havering 028,102
E02000492,Havering 029,10
E02000493,Havering 030,23
E02000494,Hillingdon 001,8
E02000495,Hillingdon 002,18
E02000496,Hillingdon 003,20
E02000497,Hillingdon 004,39
E02000498,Hillingdon 005,22
E02000499,Hillingdon 006,10
E02000500,Hillingdon 007,35
E02000501,Hillingdon 008,12
E02000502,Hillingdon 009,52
E02000503,Hillingdon 010,22
E02000504,Hillingdon 011,9
E02000506,Hillingdon 013,5
E02000507,Hillingdon 014,17
E02000508,Hillingdon 015,98
E02000509,Hillingdon 016,66
E02000510,Hillingdon 017,14
E02000511,Hillingdon 018,68
E02000512,Hillingdon 019,35
E02000513,Hillingdon 020,42
E02000514,Hillingdon 021,26
E02000515,Hillingdon 022,148
E02000516,Hillingdon 023,54
E02000517,Hillingdon 024,38
E02000518,Hillingdon 025,39
E02000519,Hillingdon 026,49
E02000520,Hillingdon 027,96
E02000521,Hillingdon 028,129
E02000522,Hillingdon 029,47
E02000523,Hillingdon 030,87
E02000524,Hillingdon 031,14
E02000525,Hillingdon 032,22
E02000526,Hounslow 001,48
E02000529,Hounslow 004,52
E02000530,Hounslow 005,35
E02000531,Hounslow 006,204
E02000532,Hounslow 007,15
E02000533,Hounslow 008,16
E02000534,Hounslow 009,53
E02000535,Hounslow 010,27
E02000536,Hounslow 011,78
E02000537,Hounslow 012,8
E02000538,Hounslow 013,38
E02000539,Hounslow 014,131
E02000540,Hounslow 015,204
E02000541,Hounslow 016,28
E02000542,Hounslow 017,116
E02000543,Hounslow 018,113
E02000544,Hounslow 019,22
E02000545,Hounslow 020,40
E02000546,Hounslow 021,54
E02000547,Hounslow 022,31
E02000548,Hounslow 023,269
E02000549,Hounslow 024,50
E02000550,Hounslow 025,128
E02000551,Hounslow 026,68
E02000552,Hounslow 027,106
E02000553,Hounslow 028,52
E02000554,Islington 001,36
E02000555,Islington 002,74
E02000556,Islington 003,58
E02000557,Islington 004,38
E02000558,Islington 005,28
E02000559,Islington 006,53
E02000560,Islington 007,30
E02000561,Islington 008,19
E02000562,Islington 009,34
E02000563,Islington 010,48
E02000564,Islington 011,276
E02000565,Islington 012,34
E02000566,Islington 013,62
E02000567,Islington 014,51
E02000568,Islington 015,140
E02000569,Islington 016,73
E02000570,Islington 017,14
E02000571,Islington 018,45
E02000572,Islington 019,46
E02000573,Islington 020,178
E02000574,Islington 021,54
E02000575,Islington 022,64
E02000576,Islington 023,129
E02000577,Kensington and Chelsea 001,67
E02000578,Kensington and Chelsea 002,87
E02000579,Kensington and Chelsea 003,88
E02000580,Kensington and Chelsea 004,33
E02000581,Kensington and Chelsea 005,88
E02000582,Kensington and Chelsea 006,46
E02000583,Kensington and Chelsea 007,21
E02000584,Kensington and Chelsea 008,22
E02000585,Kensington and Chelsea 009,34
E02000586,Kensington and Chelsea 010,14
E02000587,Kensington and Chelsea 011,6
E02000588,Kensington and Chelsea 012,17
E02000589,Kensington and Chelsea 013,17
E02000590,Kensington and Chelsea 014,8
E02000591,Kensington and Chelsea 015,36
E02000592,Kensington and Chelsea 016,8
E02000593,Kensington and Chelsea 017,16
E02000594,Kensington and Chelsea 018,8
E02000595,Kensington and Chelsea 019,10
E02000596,Kensington and Chelsea 020,11
E02000597,Kensington and Chelsea 021,38
E02000598,Kingston upon Thames 001,21
E02000599,Kingston upon Thames 002,5
E02000600,Kingston upon Thames 003,8
E02000601,Kingston upon Thames 004,95
E02000602,Kingston upon Thames 005,35
E02000603,Kingston upon Thames 006,53
E02000604,Kingston upon Thames 007,36
E02000605,Kingston upon Thames 008,7
E02000606,Kingston upon Thames 009,25
E02000607,Kingston upon Thames 010,5
E02000608,Kingston upon Thames 011,13
E02000609,Kingston upon Thames 012,10
E02000610,Kingston upon Thames 013,21
E02000611,Kingston upon Thames 014,12
E02000612,Kingston upon Thames 015,8
E02000613,Kingston upon Thames 016,13
E02000614,Kingston upon Thames 017,35
E02000615,Kingston upon Thames 018,18
E02000616,Kingston upon Thames 019,21
E02000617,Kingston upon Thames 020,18
E02000619,Lambeth 002,47
E02000620,Lambeth 003,219
E02000621,Lambeth 004,183
E02000622,Lambeth 005,22
E02000623,Lambeth 006,18
E02000624,Lambeth 007,158
E02000625,Lambeth 008,58
E02000626,Lambeth 009,31
E02000627,Lambeth 010,82
E02000628,Lambeth 011,146
E02000629,Lambeth 012,79
E02000630,Lambeth 013,39
E02000631,Lambeth 014,50
E02000632,Lambeth 015,55
E02000633,Lambeth 016,92
E02000634,Lambeth 017,28
E02000635,Lambeth 018,211
E02000636,Lambeth 019,16
E02000637,Lambeth 020,22
E02000638,Lambeth 021,79
E02000639,Lambeth 022,170
E02000640,Lambeth 023,17
E02000641,Lambeth 024,46
E02000642,Lambeth 025,31
E02000643,Lambeth 026,54
E02000644,Lambeth 027,25
E02000645,Lambeth 028,61
E02000646,Lambeth 029,27
E02000647,Lambeth 030,74
E02000648,Lambeth 031,41
E02000649,Lambeth 032,103
E02000650,Lambeth 033,25
E02000651,Lambeth 034,46
E02000652,Lambeth 035,31
E02000653,Lewisham 001,250
E02000654,Lewisham 002,68
E02000655,Lewisham 003,157
E02000657,Lewisham 005,98
E02000658,Lewisham 006,68
E02000659,Lewisham 007,105
E02000660,Lewisham 008,43
E02000661,Lewisham 009,4
E02000662,Lewisham 010,76
E02000663,Lewisham 011,23
E02000665,Lewisham 013,27
E02000666,Lewisham 014,15
E02000667,Lewisham 015,29
E02000668,Lewisham 016,16
E02000669,Lewisham 017,55
E02000670,Lewisham 018,20
E02000671,Lewisham 019,36
E02000672,Lewisham 020,86
E02000673,Lewisham 021,14
E02000674,Lewisham 022,10
E02000675,Lewisham 023,45
E02000676,Lewisham 024,23
E02000677,Lewisham 025,23
E02000678,Lewisham 026,24
E02000679,Lewisham 027,36
E02000680,Lewisham 028,51
E02000681,Lewisham 029,25
E02000682,Lewisham 030,42
E02000683,Lewisham 031,37
E02000685,Lewisham 033,30
E02000686,Lewisham 034,69
E02000687,Lewisham 035,21
E02000689,Merton 001,62
E02000690,Merton 002,4
E02000691,Merton 003,24
E02000692,Merton 004,11
E02000693,Merton 005,194
E02000694,Merton 006,9
E02000695,Merton 007,22
E02000696,Merton 008,23
E02000697,Merton 009,19
E02000698,Merton 010,21
E02000699,Merton 011,10
E02000700,Merton 012,21
E02000701,Merton 013,49
E02000702,Merton 014,96
E02000703,Merton 015,18
E02000704,Merton 016,23
E02000705,Merton 017,27
E02000706,Merton 018,61
E02000707,Merton 019,12
E02000708,Merton 020,36
E02000709,Merton 021,8
E02000710,Merton 022,54
E02000711,Merton 023,21
E02000712,Merton 024,28
E02000713,Merton 025,15
E02000714,Newham 001,77
E02000715,Newham 002,21
E02000716,Newham 003,31
E02000717,Newham 004,29
E02000718,Newham 005,38
E02000719,Newham 006,40
E02000720,Newham 007,19
E02000721,Newham 008,18
E02000722,Newham 009,67
E02000723,Newham 010,16
E02000724,Newham 011,16
E02000725,Newham 012,135
E02000727,Newham 014,10
E02000728,Newham 015,12
E02000729,Newham 016,18
E02000730,Newham 017,9
E02000731,Newham 018,20
E02000732,Newham 019,55
E02000733,Newham 020,57
E02000734,Newham 021,72
E02000735,Newham 022,59
E02000736,Newham 023,19
E02000737,Newham 024,27
E02000738,Newham 025,55
E02000739,Newham 026,78
E02000740,Newham 027,27
E02000741,Newham 028,22
E02000742,Newham 029,20
E02000743,Newham 030,138
E02000744,Newham 031,97
E02000745,Newham 032,64
E02000746,Newham 033,145
E02000747,Newham 034,194
E02000748,Newham 035,18
E02000749,Newham 036,107
E02000751,Redbridge 001,13
E02000752,Redbridge 002,130
E02000753,Redbridge 003,27
E02000754,Redbridge 004,10
E02000755,Redbridge 005,9
E02000756,Redbridge 006,43
E02000757,Redbridge 007,50
E02000758,Redbridge 008,19
E02000759,Redbridge 009,27
E02000760,Redbridge 010,29
E02000762,Redbridge 012,7
E02000763,Redbridge 013,33
E02000764,Redbridge 014,22
E02000765,Redbridge 015,8
E02000767,Redbridge 017,44
E02000768,Redbridge 018,4
E02000770,Redbridge 020,15
E02000772,Redbridge 022,10
E02000773,Redbridge 023,27
E02000774,Redbridge 024,5
E02000776,Redbridge 026,10
E02000777,Redbridge 027,8
E02000779,Redbridge 029,33
E02000781,Redbridge 031,22
E02000782,Redbridge 032,167
E02000783,Redbridge 033,18
E02000784,Richmond upon Thames 001,8
E02000785,Richmond upon Thames 002,15
E02000786,Richmond upon Thames 003,25
E02000787,Richmond upon Thames 004,84
E02000788,Richmond upon Thames 005,3
E02000789,Richmond upon Thames 006,7
E02000790,Richmond upon Thames 007,19
E02000791,Richmond upon Thames 008,10
E02000792,Richmond upon Thames 009,7
E02000793,Richmond upon Thames 010,22
E02000794,Richmond upon Thames 011,34
E02000795,Richmond upon Thames 012,8
E02000796,Richmond upon Thames 013,25
E02000797,Richmond upon Thames 014,47
E02000798,Richmond upon Thames 015,23
E02000799,Richmond upon Thames 016,8
E02000800,Richmond upon Thames 017,13
E02000801,Richmond upon Thames 018,38
E02000802,Richmond upon Thames 019,6
E02000803,Richmond upon Thames 020,63
E02000804,Richmond upon Thames 021,22
E02000805,Richmond upon Thames 022,43
E02000806,Richmond upon Thames 023,33
E02000807,Southwark 001,119
E02000808,Southwark 002,138
E02000810,Southwark 004,354
E02000812,Southwark 006,80
E02000813,Southwark 007,76
E02000814,Southwark 008,140
E02000815,Southwark 009,90
E02000816,Southwark 010,147
E02000817,Southwark 011,46
E02000818,Southwark 012,247
E02000819,Southwark 013,65
E02000820,Southwark 014,125
E02000821,Southwark 015,119
E02000822,Southwark 016,16
E02000823,Southwark 017,65
E02000824,Southwark 018,53
E02000825,Southwark 019,83
E02000826,Southwark 020,163
E02000827,Southwark 021,145
E02000828,Southwark 022,155
E02000829,Southwark 023,88
E02000830,Southwark 024,40
E02000831,Southwark 025,113
E02000832,Southwark 026,68
E02000833,Southwark 027,28
E02000834,Southwark 028,23
E02000835,Southwark 029,17
E02000836,Southwark 030,18
E02000837,Southwark 031,11
E02000838,Southwark 032,27
E02000839,Southwark 033,53
E02000840,Sutton 001,30
E02000841,Sutton 002,53
E02000842,Sutton 003,11
E02000843,Sutton 004,208
E02000844,Sutton 005,18
E02000845,Sutton 006,37
E02000846,Sutton 007,23
E02000847,Sutton 008,13
E02000848,Sutton 009,6
E02000849,Sutton 010,34
E02000850,Sutton 011,12
E02000851,Sutton 012,185
E02000852,Sutton 013,13
E02000853,Sutton 014,15
E02000854,Sutton 015,18
E02000855,Sutton 016,14
E02000856,Sutton 017,25
E02000857,Sutton 018,13
E02000858,Sutton 019,87
E02000859,Sutton 020,8
E02000860,Sutton 021,14
E02000861,Sutton 022,8
E02000863,Sutton 024,9
E02000864,Tower Hamlets 001,204
E02000865,Tower Hamlets 002,75
E02000866,Tower Hamlets 003,55
E02000867,Tower Hamlets 004,211
E02000868,Tower Hamlets 005,43
E02000869,Tower Hamlets 006,31
E02000870,Tower Hamlets 007,33
E02000871,Tower Hamlets 008,197
E02000872,Tower Hamlets 009,56
E02000873,Tower Hamlets 010,107
E02000874,Tower Hamlets 011,40
E02000875,Tower Hamlets 012,161
E02000876,Tower Hamlets 013,34
E02000877,Tower Hamlets 014,98
E02000878,Tower Hamlets 015,63
E02000879,Tower Hamlets 016,40
E02000880,Tower Hamlets 017,23
E02000881,Tower Hamlets 018,149
E02000882,Tower Hamlets 019,252
E02000883,Tower Hamlets 020,77
E02000884,Tower Hamlets 021,186
E02000885,Tower Hamlets 022,39
E02000886,Tower Hamlets 023,79
E02000887,Tower Hamlets 024,98
E02000888,Tower Hamlets 025,107
E02000889,Tower Hamlets 026,82
E02000890,Tower Hamlets 027,35
E02000893,Tower Hamlets 030,35
E02000894,Tower Hamlets 031,85
E02000895,Waltham Forest 001,36
E02000896,Waltham Forest 002,19
E02000897,Waltham Forest 003,10
E02000898,Waltham Forest 004,32
E02000899,Waltham Forest 005,13
E02000900,Waltham Forest 006,31
E02000901,Waltham Forest 007,47
E02000902,Waltham Forest 008,155
E02000903,Waltham Forest 009,77
E02000904,Waltham Forest 010,71
E02000905,Waltham Forest 011,48
E02000906,Waltham Forest 012,26
E02000907,Waltham Forest 013,61
E02000908,Waltham Forest 014,260
E02000909,Waltham Forest 015,38
E02000910,Waltham Forest 016,46
E02000911,Waltham Forest 017,141
E02000912,Waltham Forest 018,55
E02000913,Waltham Forest 019,51
E02000914,Waltham Forest 020,85
E02000915,Waltham Forest 021,10
E02000916,Waltham Forest 022,115
E02000917,Waltham Forest 023,36
E02000918,Waltham Forest 024,38
E02000919,Waltham Forest 025,21
E02000920,Waltham Forest 026,107
E02000921,Waltham Forest 027,48
E02000922,Waltham Forest 028,22
E02000923,Wandsworth 001,57
E02000925,Wandsworth 003,40
E02000926,Wandsworth 004,296
E02000927,Wandsworth 005,16
E02000928,Wandsworth 006,16
E02000929,Wandsworth 007,99
E02000930,Wandsworth 008,19
E02000931,Wandsworth 009,8
E02000932,Wandsworth 010,283
E02000933,Wandsworth 011,37
E02000934,Wandsworth 012,79
E02000935,Wandsworth 013,15
E02000936,Wandsworth 014,111
E02000937,Wandsworth 015,14
E02000938,Wandsworth 016,152
E02000939,Wandsworth 017,9
E02000940,Wandsworth 018,124
E02000941,Wandsworth 019,29
E02000942,Wandsworth 020,26
E02000943,Wandsworth 021,55
E02000944,Wandsworth 022,43
E02000945,Wandsworth 023,29
E02000946,Wandsworth 024,51
E02000947,Wandsworth 025,67
E02000948,Wandsworth 026,33
E02000949,Wandsworth 027,57
E02000950,Wandsworth 028,16
E02000951,Wandsworth 029,17
E02000952,Wandsworth 030,8
E02000953,Wandsworth 031,73
E02000954,Wandsworth 032,23
E02000955,Wandsworth 033,17
E02000956,Wandsworth 034,32
E02000957,Wandsworth 035,87
E02000958,Wandsworth 036,12
E02000959,Wandsworth 037,33
E02000960,Westminster 001,12
E02000961,Westminster 002,11
E02000962,Westminster 003,14
E02000963,Westminster 004,46
E02000964,Westminster 005,47
E02000965,Westminster 006,15
E02000966,Westminster 007,11
E02000967,Westminster 008,22
E02000968,Westminster 009,38
E02000969,Westminster 010,66
E02000970,Westminster 011,14
E02000971,Westminster 012,28
E02000972,Westminster 013,41
E02000973,Westminster 014,29
E02000974,Westminster 015,53
E02000975,Westminster 016,23
E02000976,Westminster 017,11
E02000977,Westminster 018,13
E02000978,Westminster 019,14
E02000979,Westminster 020,27
E02000980,Westminster 021,53
E02000981,Westminster 022,34
E02000982,Westminster 023,58
E02000983,Westminster 024,19
E02003237,Peterborough 001,17
E02003238,Peterborough 002,31
E02003239,Peterborough 003,25
E02003240,Peterborough 004,29
E02003241,Peterborough 005,41
E02003242,Peterborough 006,26
E02003243,Peterborough 007,142
E02003244,Peterborough 008,61
E02003245,Peterborough 009,26
E02003246,Peterborough 010,15
E02003247,Peterborough 011,38
E02003248,Peterborough 012,24
E02003249,Peterborough 013,95
E02003250,Peterborough 014,43
E02003251,Peterborough 015,20
E02003252,Peterborough 016,79
E02003253,Peterborough 017,83
E02003254,Peterborough 018,29
E02003255,Peterborough 019,111
E02003257,Peterborough 021,15
E02003258,Luton 001,7
E02003259,Luton 002,9
E02003260,Luton 003,20
E02003261,Luton 004,7
E02003262,Luton 005,28
E02003263,Luton 006,20
E02003264,Luton 007,4
E02003265,Luton 008,8
E02003266,Luton 009,12
E02003267,Luton 010,8
E02003268,Luton 011,17
E02003269,Luton 012,15
E02003270,Luton 013,17
E02003271,Luton 014,16
E02003272,Luton 015,58
E02003273,Luton 016,38
E02003274,Luton 017,11
E02003276,Luton 019,14
E02003277,Luton 020,35
E02003278,Luton 021,36
E02003279,Southend-on-Sea 001,8
E02003280,Southend-on-Sea 002,39
E02003281,Southend-on-Sea 003,9
E02003282,Southend-on-Sea 004,7
E02003283,Southend-on-Sea 005,30
E02003284,Southend-on-Sea 006,24
E02003285,Southend-on-Sea 007,13
E02003286,Southend-on-Sea 008,7
E02003287,Southend-on-Sea 009,22
E02003288,Southend-on-Sea 010,147
E02003289,Southend-on-Sea 011,10
E02003290,Southend-on-Sea 012,25
E02003291,Southend-on-Sea 013,59
E02003292,Southend-on-Sea 014,54
E02003293,Southend-on-Sea 015,20
E02003294,Southend-on-Sea 016,13
E02003295,Southend-on-Sea 017,15
E02003296,Thurrock 001,5
E02003297,Thurrock 002,4
E02003298,Thurrock 003,10
E02003299,Thurrock 004,4
E02003300,Thurrock 005,36
E02003301,Thurrock 006,29
E02003302,Thurrock 007,11
E02003303,Thurrock 008,32
E02003304,Thurrock 009,12
E02003305,Thurrock 010,10
E02003307,Thurrock 012,5
E02003308,Thurrock 013,33
E02003309,Thurrock 014,9
E02003311,Thurrock 016,27
E02003312,Thurrock 017,40
E02003313,Thurrock 018,22
E02003314,Medway 001,31
E02003315,Medway 002,19
E02003316,Medway 003,115
E02003317,Medway 004,48
E02003318,Medway 005,14
E02003319,Medway 006,37
E02003320,Medway 007,136
E02003321,Medway 008,26
E02003322,Medway 009,129
E02003323,Medway 010,82
E02003324,Medway 011,109
E02003325,Medway 012,22
E02003326,Medway 013,23
E02003327,Medway 014,77
E02003328,Medway 015,116
E02003329,Medway 016,5
E02003330,Medway 017,67
E02003331,Medway 018,19
E02003332,Medway 019,37
E02003333,Medway 020,38
E02003334,Medway 021,11
E02003335,Medway 022,22
E02003336,Medway 023,24
E02003337,Medway 024,36
E02003338,Medway 025,29
E02003339,Medway 026,30
E02003340,Medway 027,23
E02003341,Medway 028,59
E02003342,Medway 029,7
E02003343,Medway 030,12
E02003344,Medway 031,21
E02003345,Medway 032,19
E02003346,Medway 033,80
E02003347,Medway 034,34
E02003348,Medway 035,7
E02003349,Medway 036,14
E02003350,Medway 037,20
E02003351,Medway 038,52
E02003352,Bracknell Forest 001,11
E02003353,Bracknell Forest 002,181
E02003354,Bracknell Forest 003,41
E02003355,Bracknell Forest 004,62
E02003356,Bracknell Forest 005,5
E02003357,Bracknell Forest 006,130
E02003358,Bracknell Forest 007,129
E02003359,Bracknell Forest 008,35
E02003360,Bracknell Forest 009,139
E02003361,Bracknell Forest 010,20
E02003362,Bracknell Forest 011,8
E02003363,Bracknell Forest 012,72
E02003364,Bracknell Forest 013,26
E02003365,Bracknell Forest 014,13
E02003366,Bracknell Forest 015,7
E02003367,West Berkshire 001,20
E02003368,West Berkshire 002,10
E02003369,West Berkshire 003,19
E02003370,West Berkshire 004,23
E02003371,West Berkshire 005,4
E02003372,West Berkshire 006,9
E02003373,West Berkshire 007,40
E02003374,West Berkshire 008,18
E02003375,West Berkshire 009,48
E02003376,West Berkshire 010,21
E02003377,West Berkshire 011,56
E02003378,West Berkshire 012,35
E02003379,West Berkshire 013,64
E02003380,West Berkshire 014,48
E02003381,West Berkshire 015,26
E02003382,West Berkshire 016,41
E02003383,West Berkshire 017,27
E02003384,West Berkshire 018,10
E02003385,West Berkshire 019,271
E02003386,West Berkshire 020,33
E02003387,West Berkshire 021,29
E02003388,West Berkshire 022,26
E02003389,Reading 001,45
E02003390,Reading 002,9
E02003391,Reading 003,11
E02003392,Reading 004,69
E02003393,Reading 005,6
E02003394,Reading 006,65
E02003395,Reading 007,80
E02003396,Reading 008,74
E02003397,Reading 009,11
E02003398,Reading 010,61
E02003400,Reading 012,16
E02003401,Reading 013,38
E02003402,Reading 014,33
E02003403,Reading 015,40
E02003404,Reading 016,21
E02003405,Reading 017,109
E02003406,Reading 018,58
E02003407,Slough 001,62
E02003408,Slough 002,14
E02003409,Slough 003,34
E02003410,Slough 004,26
E02003411,Slough 005,21
E02003412,Slough 006,28
E02003414,Slough 008,84
E02003415,Slough 009,43
E02003416,Slough 010,26
E02003417,Slough 011,51
E02003418,Slough 012,31
E02003419,Slough 013,40
E02003420,Slough 014,39
E02003421,Windsor and Maidenhead 001,8
E02003422,Windsor and Maidenhead 002,23
E02003423,Windsor and Maidenhead 003,21
E02003424,Windsor and Maidenhead 004,31
E02003425,Windsor and Maidenhead 005,88
E02003426,Windsor and Maidenhead 006,17
E02003427,Windsor and Maidenhead 007,54
E02003428,Windsor and Maidenhead 008,23
E02003429,Windsor and Maidenhead 009,9
E02003430,Windsor and Maidenhead 010,15
E02003431,Windsor and Maidenhead 011,11
E02003432,Windsor and Maidenhead 012,4
E02003433,Windsor and Maidenhead 013,11
E02003434,Windsor and Maidenhead 014,42
E02003435,Windsor and Maidenhead 015,2
E02003436,Windsor and Maidenhead 016,6
E02003437,Windsor and Maidenhead 017,16
E02003438,Windsor and Maidenhead 018,12
E02003439,Wokingham 001,12
E02003440,Wokingham 002,33
E02003441,Wokingham 003,12
E02003442,Wokingham 004,51
E02003443,Wokingham 005,50
E02003444,Wokingham 006,32
E02003445,Wokingham 007,28
E02003446,Wokingham 008,12
E02003447,Wokingham 009,203
E02003448,Wokingham 010,155
E02003449,Wokingham 011,21
E02003450,Wokingham 012,171
E02003451,Wokingham 013,82
E02003452,Wokingham 014,144
E02003453,Wokingham 015,34
E02003454,Wokingham 016,29
E02003455,Wokingham 017,253
E02003456,Wokingham 018,92
E02003457,Wokingham 019,7
E02003458,Wokingham 020,5
E02003459,Milton Keynes 001,35
E02003460,Milton Keynes 002,147
E02003461,Milton Keynes 003,38
E02003462,Milton Keynes 004,73
E02003463,Milton Keynes 005,148
E02003464,Milton Keynes 006,89
E02003465,Milton Keynes 007,331
E02003466,Milton Keynes 008,47
E02003467,Milton Keynes 009,30
E02003468,Milton Keynes 010,182
E02003469,Milton Keynes 011,126
E02003470,Milton Keynes 012,54
E02003471,Milton Keynes 013,184
E02003472,Milton Keynes 014,258
E02003473,Milton Keynes 015,303
E02003474,Milton Keynes 016,153
E02003476,Milton Keynes 018,84
E02003478,Milton Keynes 020,336
E02003479,Milton Keynes 021,213
E02003480,Milton Keynes 022,415
E02003481,Milton Keynes 023,123
E02003482,Milton Keynes 024,160
E02003483,Milton Keynes 025,246
E02003484,Milton Keynes 026,350
E02003485,Milton Keynes 027,53
E02003486,Milton Keynes 028,372
E02003487,Milton Keynes 029,45
E02003488,Milton Keynes 030,65
E02003489,Milton Keynes 031,127
E02003490,Milton Keynes 032,217
E02003491,Brighton and Hove 001,12
E02003492,Brighton and Hove 002,6
E02003493,Brighton and Hove 003,15
E02003494,Brighton and Hove 004,10
E02003495,Brighton and Hove 005,22
E02003496,Brighton and Hove 006,16
E02003497,Brighton and Hove 007,22
E02003498,Brighton and Hove 008,27
E02003499,Brighton and Hove 009,38
E02003500,Brighton and Hove 010,9
E02003501,Brighton and Hove 011,23
E02003502,Brighton and Hove 012,26
E02003503,Brighton and Hove 013,16
E02003504,Brighton and Hove 014,56
E02003505,Brighton and Hove 015,37
E02003506,Brighton and Hove 016,38
E02003507,Brighton and Hove 017,25
E02003508,Brighton and Hove 018,21
E02003509,Brighton and Hove 019,26
E02003510,Brighton and Hove 020,56
E02003511,Brighton and Hove 021,22
E02003512,Brighton and Hove 022,19
E02003513,Brighton and Hove 023,12
E02003514,Brighton and Hove 024,8
E02003515,Brighton and Hove 025,53
E02003516,Brighton and Hove 026,10
E02003517,Brighton and Hove 027,158
E02003518,Brighton and Hove 028,55
E02003519,Brighton and Hove 029,11
E02003520,Brighton and Hove 030,56
E02003521,Brighton and Hove 031,20
E02003522,Brighton and Hove 032,27
E02003523,Brighton and Hove 033,46
E02003524,Portsmouth 001,28
E02003525,Portsmouth 002,19
E02003526,Portsmouth 003,22
E02003527,Portsmouth 004,20
E02003529,Portsmouth 006,27
E02003530,Portsmouth 007,46
E02003531,Portsmouth 008,17
E02003532,Portsmouth 009,8
E02003533,Portsmouth 010,12
E02003534,Portsmouth 011,24
E02003535,Portsmouth 012,26
E02003536,Portsmouth 013,31
E02003537,Portsmouth 014,54
E02003538,Portsmouth 015,43
E02003540,Portsmouth 017,78
E02003541,Portsmouth 018,31
E02003542,Portsmouth 019,17
E02003543,Portsmouth 020,29
E02003544,Portsmouth 021,24
E02003545,Portsmouth 022,13
E02003546,Portsmouth 023,30
E02003547,Portsmouth 024,24
E02003548,Portsmouth 025,34
E02003549,Southampton 001,11
E02003550,Southampton 002,22
E02003551,Southampton 003,31
E02003552,Southampton 004,8
E02003553,Southampton 005,14
E02003554,Southampton 006,14
E02003555,Southampton 007,55
E02003556,Southampton 008,14
E02003557,Southampton 009,10
E02003558,Southampton 010,45
E02003559,Southampton 011,13
E02003560,Southampton 012,20
E02003561,Southampton 013,20
E02003562,Southampton 014,40
E02003563,Southampton 015,44
E02003564,Southampton 016,26
E02003565,Southampton 017,26
E02003566,Southampton 018,44
E02003567,Southampton 019,23
E02003568,Southampton 020,19
E02003569,Southampton 021,33
E02003570,Southampton 022,27
E02003571,Southampton 023,54
E02003572,Southampton 024,9
E02003573,Southampton 025,20
E02003574,Southampton 026,23
E02003575,Southampton 027,33
E02003576,Southampton 028,34
E02003578,Southampton 030,22
E02003579,Southampton 031,175
E02003580,Southampton 032,16
E02003581,Isle of Wight 001,23
E02003582,Isle of Wight 002,17
E02003583,Isle of Wight 003,57
E02003584,Isle of Wight 004,8
E02003585,Isle of Wight 005,50
E02003586,Isle of Wight 006,18
E02003587,Isle of Wight 007,17
E02003588,Isle of Wight 008,75
E02003589,Isle of Wight 009,18
E02003590,Isle of Wight 010,13
E02003591,Isle of Wight 011,40
E02003592,Isle of Wight 012,34
E02003593,Isle of Wight 013,17
E02003594,Isle of Wight 014,65
E02003595,Isle of Wight 015,17
E02003596,Isle of Wight 016,12
E02003597,Isle of Wight 017,15
E02003598,Isle of Wight 018,13
E02003599,Central Bedfordshire 001,44
E02003600,Central Bedfordshire 002,25
E02003601,Central Bedfordshire 003,69
E02003602,Central Bedfordshire 004,33
E02003603,Central Bedfordshire 005,106
E02003604,Central Bedfordshire 006,118
E02003605,Central Bedfordshire 007,126
E02003606,Central Bedfordshire 008,81
E02003607,Central Bedfordshire 009,127
E02003608,Central Bedfordshire 010,122
E02003609,Central Bedfordshire 011,110
E02003610,Central Bedfordshire 012,86
E02003611,Central Bedfordshire 013,94
E02003612,Central Bedfordshire 014,100
E02003613,Central Bedfordshire 015,9
E02003614,Central Bedfordshire 016,22
E02003615,Central Bedfordshire 017,91
E02003616,Bedford 001,21
E02003617,Bedford 002,41
E02003618,Bedford 003,34
E02003619,Bedford 004,110
E02003620,Bedford 005,14
E02003621,Bedford 006,11
E02003622,Bedford 007,32
E02003623,Bedford 008,182
E02003624,Bedford 009,22
E02003625,Bedford 010,32
E02003626,Bedford 011,15
E02003627,Bedford 012,122
E02003628,Bedford 013,36
E02003629,Bedford 014,38
E02003630,Bedford 015,61
E02003631,Bedford 016,21
E02003632,Bedford 017,37
E02003633,Bedford 018,107
E02003635,Bedford 020,187
E02003636,Central Bedfordshire 018,17
E02003637,Central Bedfordshire 019,73
E02003638,Central Bedfordshire 020,14
E02003639,Central Bedfordshire 021,33
E02003640,Central Bedfordshire 022,17
E02003641,Central Bedfordshire 023,9
E02003642,Central Bedfordshire 025,46
E02003643,Central Bedfordshire 024,170
E02003644,Central Bedfordshire 026,76
E02003645,Central Bedfordshire 027,19
E02003646,Central Bedfordshire 028,75
E02003647,Central Bedfordshire 029,107
E02003648,Central Bedfordshire 030,18
E02003649,Central Bedfordshire 031,32
E02003650,Central Bedfordshire 032,14
E02003651,Central Bedfordshire 033,32
E02003652,Buckinghamshire 001,124
E02003653,Buckinghamshire 002,30
E02003654,Buckinghamshire 003,21
E02003655,Buckinghamshire 004,54
E02003656,Buckinghamshire 005,19
E02003657,Buckinghamshire 006,36
E02003658,Buckinghamshire 007,60
E02003659,Buckinghamshire 009,92
E02003660,Buckinghamshire 008,42
E02003661,Buckinghamshire 010,19
E02003662,Buckinghamshire 012,22
E02003663,Buckinghamshire 011,242
E02003664,Buckinghamshire 013,77
E02003665,Buckinghamshire 014,82
E02003666,Buckinghamshire 015,120
E02003667,Buckinghamshire 016,36
E02003668,Buckinghamshire 018,19
E02003669,Buckinghamshire 017,53
E02003670,Buckinghamshire 019,57
E02003671,Buckinghamshire 020,29
E02003672,Buckinghamshire 021,86
E02003673,Buckinghamshire 022,66
E02003674,Buckinghamshire 023,8
E02003675,Buckinghamshire 024,26
E02003676,Buckinghamshire 029,7
E02003677,Buckinghamshire 027,38
E02003678,Buckinghamshire 028,9
E02003679,Buckinghamshire 030,20
E02003680,Buckinghamshire 031,10
E02003681,Buckinghamshire 032,10
E02003682,Buckinghamshire 034,32
E02003683,Buckinghamshire 035,75
E02003685,Buckinghamshire 047,21
E02003686,Buckinghamshire 050,20
E02003687,Buckinghamshire 054,2
E02003688,Buckinghamshire 053,21
E02003689,Buckinghamshire 058,8
E02003690,Buckinghamshire 059,67
E02003691,Buckinghamshire 063,50
E02003692,Buckinghamshire 064,48
E02003693,Buckinghamshire 065,36
E02003694,Buckinghamshire 066,29
E02003695,Buckinghamshire 067,105
E02003696,Buckinghamshire 026,30
E02003697,Buckinghamshire 025,36
E02003698,Buckinghamshire 033,18
E02003699,Buckinghamshire 037,15
E02003701,Buckinghamshire 038,101
E02003702,Buckinghamshire 040,22
E02003703,Buckinghamshire 041,42
E02003704,Buckinghamshire 045,8
E02003705,Buckinghamshire 042,15
E02003706,Buckinghamshire 043,91
E02003707,Buckinghamshire 044,43
E02003708,Buckinghamshire 046,28
E02003709,Buckinghamshire 048,42
E02003710,Buckinghamshire 049,44
E02003711,Buckinghamshire 051,84
E02003712,Buckinghamshire 052,53
E02003713,Buckinghamshire 055,7
E02003714,Buckinghamshire 056,28
E02003715,Buckinghamshire 057,5
E02003716,Buckinghamshire 060,6
E02003717,Buckinghamshire 062,20
E02003718,Buckinghamshire 061,13
E02003719,Cambridge 001,93
E02003720,Cambridge 002,25
E02003721,Cambridge 003,79
E02003722,Cambridge 004,34
E02003723,Cambridge 005,27
E02003724,Cambridge 006,36
E02003725,Cambridge 007,33
E02003726,Cambridge 008,30
E02003727,Cambridge 009,54
E02003728,Cambridge 010,31
E02003729,Cambridge 011,26
E02003731,Cambridge 013,49
E02003732,East Cambridgeshire 001,68
E02003733,East Cambridgeshire 002,29
E02003734,East Cambridgeshire 003,104
E02003735,East Cambridgeshire 004,50
E02003736,East Cambridgeshire 005,47
E02003737,East Cambridgeshire 006,129
E02003738,East Cambridgeshire 007,24
E02003739,East Cambridgeshire 008,28
E02003740,East Cambridgeshire 009,44
E02003742,Fenland 001,18
E02003743,Fenland 002,16
E02003744,Fenland 003,26
E02003745,Fenland 004,11
E02003746,Fenland 005,23
E02003747,Fenland 006,45
E02003748,Fenland 007,13
E02003749,Fenland 008,6
E02003750,Fenland 009,25
E02003751,Fenland 010,13
E02003752,Fenland 011,41
E02003753,Huntingdonshire 001,47
E02003754,Huntingdonshire 002,5
E02003755,Huntingdonshire 003,44
E02003756,Huntingdonshire 004,55
E02003757,Huntingdonshire 005,40
E02003758,Huntingdonshire 006,31
E02003759,Huntingdonshire 007,13
E02003760,Huntingdonshire 008,54
E02003761,Huntingdonshire 009,8
E02003762,Huntingdonshire 010,112
E02003763,Huntingdonshire 011,50
E02003764,Huntingdonshire 012,120
E02003765,Huntingdonshire 013,33
E02003766,Huntingdonshire 014,79
E02003767,Huntingdonshire 015,13
E02003768,Huntingdonshire 016,72
E02003769,Huntingdonshire 017,17
E02003770,Huntingdonshire 018,151
E02003771,Huntingdonshire 019,19
E02003772,Huntingdonshire 020,14
E02003773,Huntingdonshire 021,64
E02003774,Huntingdonshire 022,10
E02003775,South Cambridgeshire 001,51
E02003776,South Cambridgeshire 002,49
E02003777,South Cambridgeshire 003,105
E02003778,South Cambridgeshire 004,74
E02003780,South Cambridgeshire 006,178
E02003781,South Cambridgeshire 007,37
E02003784,South Cambridgeshire 010,98
E02003785,South Cambridgeshire 011,70
E02003786,South Cambridgeshire 012,34
E02003787,South Cambridgeshire 013,72
E02003788,South Cambridgeshire 014,82
E02003789,South Cambridgeshire 015,71
E02003790,South Cambridgeshire 016,65
E02003791,South Cambridgeshire 017,47
E02003792,South Cambridgeshire 018,100
E02003793,South Cambridgeshire 019,39
E02004356,Eastbourne 001,51
E02004357,Eastbourne 002,10
E02004358,Eastbourne 003,21
E02004359,Eastbourne 004,11
E02004361,Eastbourne 006,6
E02004362,Eastbourne 007,26
E02004363,Eastbourne 008,23
E02004364,Eastbourne 009,15
E02004365,Eastbourne 010,35
E02004366,Eastbourne 011,15
E02004367,Eastbourne 012,11
E02004368,Hastings 001,20
E02004369,Hastings 002,23
E02004370,Hastings 003,15
E02004371,Hastings 004,10
E02004372,Hastings 005,24
E02004373,Hastings 006,29
E02004374,Hastings 007,5
E02004375,Hastings 008,23
E02004376,Hastings 009,14
E02004377,Hastings 010,34
E02004378,Hastings 011,8
E02004379,Lewes 001,49
E02004380,Lewes 002,70
E02004381,Lewes 003,31
E02004382,Lewes 004,19
E02004383,Lewes 005,8
E02004384,Lewes 006,13
E02004385,Lewes 007,10
E02004386,Lewes 008,13
E02004387,Lewes 009,16
E02004388,Lewes 010,83
E02004389,Lewes 011,22
E02004390,Lewes 012,16
E02004391,Lewes 013,59
E02004392,Rother 001,60
E02004393,Rother 002,38
E02004394,Rother 003,24
E02004395,Rother 004,32
E02004396,Rother 005,24
E02004397,Rother 006,13
E02004398,Rother 007,62
E02004399,Rother 008,27
E02004400,Rother 009,48
E02004401,Rother 010,11
E02004402,Rother 011,34
E02004403,Wealden 001,0
E02004404,Wealden 002,12
E02004405,Wealden 003,53
E02004406,Wealden 004,13
E02004407,Wealden 005,23
E02004408,Wealden 006,52
E02004409,Wealden 007,10
E02004410,Wealden 008,34
E02004411,Wealden 009,24
E02004412,Wealden 010,41
E02004413,Wealden 011,31
E02004414,Wealden 012,39
E02004415,Wealden 013,33
E02004416,Wealden 014,17
E02004417,Wealden 015,56
E02004418,Wealden 016,39
E02004419,Wealden 017,60
E02004420,Wealden 018,103
E02004421,Wealden 019,75
E02004422,Wealden 020,69
E02004423,Wealden 021,11
E02004424,Basildon 001,4
E02004425,Basildon 002,11
E02004426,Basildon 003,9
E02004427,Basildon 004,8
E02004428,Basildon 005,20
E02004429,Basildon 006,16
E02004430,Basildon 007,11
E02004431,Basildon 008,67
E02004432,Basildon 009,7
E02004433,Basildon 010,26
E02004434,Basildon 011,207
E02004435,Basildon 012,41
E02004436,Basildon 013,37
E02004437,Basildon 014,68
E02004438,Basildon 015,51
E02004439,Basildon 016,51
E02004440,Basildon 017,34
E02004441,Basildon 018,59
E02004442,Basildon 019,72
E02004443,Basildon 020,26
E02004444,Basildon 021,38
E02004445,Basildon 022,14
E02004446,Braintree 001,10
E02004447,Braintree 002,13
E02004448,Braintree 003,41
E02004449,Braintree 004,22
E02004450,Braintree 005,15
E02004451,Braintree 006,29
E02004452,Braintree 007,4
E02004453,Braintree 008,39
E02004454,Braintree 009,28
E02004455,Braintree 010,25
E02004456,Braintree 011,25
E02004457,Braintree 012,54
E02004458,Braintree 013,30
E02004459,Braintree 014,17
E02004460,Braintree 015,48
E02004461,Braintree 016,2
E02004462,Braintree 017,54
E02004463,Braintree 018,19
E02004464,Brentwood 001,13
E02004465,Brentwood 002,34
E02004466,Brentwood 003,10
E02004467,Brentwood 004,37
E02004468,Brentwood 005,11
E02004469,Brentwood 006,6
E02004470,Brentwood 007,82
E02004471,Brentwood 008,19
E02004472,Brentwood 009,2
E02004473,Castle Point 001,7
E02004474,Castle Point 002,35
E02004475,Castle Point 003,15
E02004476,Castle Point 004,14
E02004477,Castle Point 005,8
E02004478,Castle Point 006,10
E02004479,Castle Point 007,7
E02004480,Castle Point 008,10
E02004481,Castle Point 009,8
E02004482,Castle Point 010,9
E02004483,Castle Point 011,10
E02004484,Castle Point 012,4
E02004485,Chelmsford 001,119
E02004486,Chelmsford 002,24
E02004487,Chelmsford 003,31
E02004488,Chelmsford 004,90
E02004489,Chelmsford 005,42
E02004490,Chelmsford 006,8
E02004491,Chelmsford 007,13
E02004492,Chelmsford 008,22
E02004493,Chelmsford 009,43
E02004495,Chelmsford 011,16
E02004496,Chelmsford 012,42
E02004497,Chelmsford 013,18
E02004498,Chelmsford 014,43
E02004499,Chelmsford 015,16
E02004500,Chelmsford 016,16
E02004501,Chelmsford 017,7
E02004502,Chelmsford 018,14
E02004503,Chelmsford 019,31
E02004504,Chelmsford 020,6
E02004505,Chelmsford 021,43
E02004506,Colchester 001,9
E02004507,Colchester 002,28
E02004508,Colchester 003,6
E02004512,Colchester 007,28
E02004513,Colchester 008,15
E02004514,Colchester 009,7
E02004515,Colchester 010,35
E02004516,Colchester 011,23
E02004517,Colchester 012,27
E02004518,Colchester 013,21
E02004519,Colchester 014,4
E02004520,Colchester 015,16
E02004521,Colchester 016,12
E02004522,Colchester 017,20
E02004523,Colchester 018,17
E02004524,Colchester 019,9
E02004525,Colchester 020,18
E02004526,Colchester 021,13
E02004527,Epping Forest 001,35
E02004528,Epping Forest 002,8
E02004529,Epping Forest 003,18
E02004530,Epping Forest 004,33
E02004531,Epping Forest 005,21
E02004532,Epping Forest 006,9
E02004533,Epping Forest 007,39
E02004534,Epping Forest 008,18
E02004535,Epping Forest 009,56
E02004536,Epping Forest 010,7
E02004537,Epping Forest 011,12
E02004538,Epping Forest 012,26
E02004539,Epping Forest 013,8
E02004540,Epping Forest 014,6
E02004541,Epping Forest 015,15
E02004542,Epping Forest 016,5
E02004543,Epping Forest 017,34
E02004544,Harlow 001,197
E02004545,Harlow 002,25
E02004546,Harlow 003,21
E02004547,Harlow 004,83
E02004548,Harlow 005,16
E02004549,Harlow 006,7
E02004550,Harlow 007,27
E02004551,Harlow 008,18
E02004552,Harlow 009,7
E02004553,Harlow 010,78
E02004554,Harlow 011,20
E02004555,Maldon 001,15
E02004556,Maldon 002,10
E02004557,Maldon 003,50
E02004558,Maldon 004,32
E02004559,Maldon 005,40
E02004560,Maldon 006,17
E02004561,Maldon 007,15
E02004562,Maldon 008,49
E02004563,Rochford 001,7
E02004564,Rochford 002,22
E02004566,Rochford 004,24
E02004567,Rochford 005,6
E02004568,Rochford 006,18
E02004569,Rochford 007,52
E02004570,Rochford 008,15
E02004571,Rochford 009,8
E02004572,Rochford 010,28
E02004573,Tendring 001,10
E02004574,Tendring 002,19
E02004575,Tendring 003,20
E02004576,Tendring 004,11
E02004577,Tendring 005,18
E02004578,Tendring 006,25
E02004579,Tendring 007,16
E02004580,Tendring 008,48
E02004581,Tendring 009,43
E02004582,Tendring 010,12
E02004583,Tendring 011,13
E02004584,Tendring 012,8
E02004585,Tendring 013,12
E02004586,Tendring 014,11
E02004587,Tendring 015,13
E02004588,Tendring 016,11
E02004589,Tendring 017,14
E02004590,Tendring 018,13
E02004591,Uttlesford 001,69
E02004592,Uttlesford 002,86
E02004593,Uttlesford 003,56
E02004594,Uttlesford 004,63
E02004595,Uttlesford 005,125
E02004596,Uttlesford 006,93
E02004597,Uttlesford 007,81
E02004598,Uttlesford 008,56
E02004599,Uttlesford 009,30
E02004675,Basingstoke and Deane 001,50
E02004676,Basingstoke and Deane 002,12
E02004677,Basingstoke and Deane 003,49
E02004678,Basingstoke and Deane 004,22
E02004679,Basingstoke and Deane 005,174
E02004680,Basingstoke and Deane 006,47
E02004681,Basingstoke and Deane 007,288
E02004682,Basingstoke and Deane 008,80
E02004683,Basingstoke and Deane 009,112
E02004684,Basingstoke and Deane 010,121
E02004685,Basingstoke and Deane 011,88
E02004686,Basingstoke and Deane 012,47
E02004687,Basingstoke and Deane 013,32
E02004688,Basingstoke and Deane 014,25
E02004689,Basingstoke and Deane 015,25
E02004690,Basingstoke and Deane 016,30
E02004691,Basingstoke and Deane 017,48
E02004692,Basingstoke and Deane 018,2
E02004693,Basingstoke and Deane 019,38
E02004694,Basingstoke and Deane 020,54
E02004695,Basingstoke and Deane 021,26
E02004696,Basingstoke and Deane 022,104
E02004697,East Hampshire 001,35
E02004698,East Hampshire 002,46
E02004699,East Hampshire 003,64
E02004700,East Hampshire 004,102
E02004702,East Hampshire 006,27
E02004703,East Hampshire 007,99
E02004704,East Hampshire 008,28
E02004705,East Hampshire 009,69
E02004706,East Hampshire 010,11
E02004707,East Hampshire 011,38
E02004708,East Hampshire 012,83
E02004709,East Hampshire 013,56
E02004710,East Hampshire 014,5
E02004712,Eastleigh 001,14
E02004713,Eastleigh 002,26
E02004714,Eastleigh 003,22
E02004715,Eastleigh 004,75
E02004716,Eastleigh 005,55
E02004717,Eastleigh 006,299
E02004718,Eastleigh 007,50
E02004719,Eastleigh 008,107
E02004720,Eastleigh 009,81
E02004721,Eastleigh 010,183
E02004722,Eastleigh 011,16
E02004723,Eastleigh 012,49
E02004724,Eastleigh 013,109
E02004725,Eastleigh 014,29
E02004726,Eastleigh 015,42
E02004727,Fareham 001,49
E02004728,Fareham 002,71
E02004729,Fareham 003,12
E02004730,Fareham 004,9
E02004731,Fareham 005,9
E02004732,Fareham 006,20
E02004733,Fareham 007,72
E02004734,Fareham 008,17
E02004735,Fareham 009,6
E02004736,Fareham 010,22
E02004737,Fareham 011,25
E02004738,Fareham 012,4
E02004739,Fareham 013,15
E02004740,Fareham 014,10
E02004741,Gosport 001,27
E02004742,Gosport 002,9
E02004743,Gosport 003,17
E02004744,Gosport 004,87
E02004745,Gosport 005,75
E02004746,Gosport 006,112
E02004747,Gosport 007,29
E02004748,Gosport 008,66
E02004749,Gosport 009,3
E02004750,Gosport 010,9
E02004751,Hart 001,42
E02004752,Hart 002,18
E02004753,Hart 003,107
E02004754,Hart 004,55
E02004755,Hart 005,138
E02004756,Hart 006,109
E02004757,Hart 007,11
E02004758,Hart 008,76
E02004759,Hart 009,16
E02004760,Hart 010,140
E02004761,Hart 011,29
E02004764,Havant 003,44
E02004765,Havant 004,9
E02004766,Havant 005,42
E02004767,Havant 006,19
E02004768,Havant 007,8
E02004769,Havant 008,28
E02004770,Havant 009,14
E02004771,Havant 010,32
E02004772,Havant 011,31
E02004774,Havant 013,49
E02004775,Havant 014,59
E02004776,Havant 015,13
E02004777,Havant 016,10
E02004778,Havant 017,21
E02004779,New Forest 001,17
E02004780,New Forest 002,10
E02004781,New Forest 003,27
E02004782,New Forest 004,31
E02004783,New Forest 005,7
E02004784,New Forest 006,2
E02004785,New Forest 007,7
E02004786,New Forest 008,26
E02004787,New Forest 009,14
E02004788,New Forest 010,15
E02004789,New Forest 011,35
E02004790,New Forest 012,60
E02004791,New Forest 013,16
E02004792,New Forest 014,33
E02004793,New Forest 015,15
E02004794,New Forest 016,25
E02004795,New Forest 017,19
E02004796,New Forest 018,19
E02004797,New Forest 019,45
E02004798,New Forest 020,24
E02004799,New Forest 021,25
E02004800,New Forest 022,12
E02004801,New Forest 023,21
E02004802,Rushmoor 001,20
E02004803,Rushmoor 002,27
E02004804,Rushmoor 003,24
E02004805,Rushmoor 004,82
E02004806,Rushmoor 005,61
E02004807,Rushmoor 006,54
E02004808,Rushmoor 007,86
E02004809,Rushmoor 008,193
E02004810,Rushmoor 009,85
E02004811,Rushmoor 010,21
E02004812,Rushmoor 011,11
E02004813,Rushmoor 012,13
E02004814,Test Valley 001,41
E02004815,Test Valley 002,27
E02004817,Test Valley 004,59
E02004818,Test Valley 005,31
E02004819,Test Valley 006,19
E02004820,Test Valley 007,44
E02004821,Test Valley 008,8
E02004822,Test Valley 009,32
E02004823,Test Valley 010,31
E02004824,Test Valley 011,13
E02004825,Test Valley 012,51
E02004826,Test Valley 013,152
E02004827,Test Valley 014,5
E02004828,Test Valley 015,64
E02004829,Winchester 001,50
E02004830,Winchester 002,38
E02004831,Winchester 003,76
E02004832,Winchester 004,23
E02004833,Winchester 005,35
E02004834,Winchester 006,34
E02004835,Winchester 007,40
E02004836,Winchester 008,12
E02004837,Winchester 009,39
E02004838,Winchester 010,41
E02004839,Winchester 011,38
E02004840,Winchester 012,49
E02004841,Winchester 013,95
E02004842,Winchester 014,132
E02004843,Broxbourne 001,14
E02004844,Broxbourne 002,29
E02004845,Broxbourne 003,22
E02004846,Broxbourne 004,5
E02004847,Broxbourne 005,59
E02004848,Broxbourne 006,11
E02004849,Broxbourne 007,54
E02004850,Broxbourne 008,11
E02004851,Broxbourne 009,51
E02004852,Broxbourne 010,24
E02004853,Broxbourne 011,18
E02004854,Broxbourne 012,31
E02004855,Broxbourne 013,92
E02004856,Dacorum 001,18
E02004857,Dacorum 002,16
E02004858,Dacorum 003,4
E02004859,Dacorum 004,17
E02004860,Dacorum 005,13
E02004861,Dacorum 006,11
E02004862,Dacorum 007,8
E02004863,Dacorum 008,49
E02004864,Dacorum 009,4
E02004865,Dacorum 010,4
E02004866,Dacorum 011,4
E02004867,Dacorum 012,24
E02004868,Dacorum 013,30
E02004869,Dacorum 014,4
E02004870,Dacorum 015,74
E02004871,Dacorum 016,2
E02004872,Dacorum 017,9
E02004873,Dacorum 018,42
E02004874,Dacorum 019,9
E02004875,Dacorum 020,31
E02004876,Dacorum 021,15
E02004877,Dacorum 022,5
E02004878,East Hertfordshire 001,75
E02004880,East Hertfordshire 003,140
E02004881,East Hertfordshire 004,50
E02004882,East Hertfordshire 005,49
E02004883,East Hertfordshire 006,22
E02004884,East Hertfordshire 007,64
E02004885,East Hertfordshire 008,18
E02004886,East Hertfordshire 009,27
E02004887,East Hertfordshire 010,31
E02004888,East Hertfordshire 011,18
E02004889,East Hertfordshire 012,42
E02004890,East Hertfordshire 013,115
E02004891,East Hertfordshire 014,19
E02004892,East Hertfordshire 015,71
E02004893,East Hertfordshire 016,52
E02004894,East Hertfordshire 017,52
E02004895,East Hertfordshire 018,27
E02004896,Hertsmere 001,8
E02004897,Hertsmere 002,13
E02004898,Hertsmere 003,14
E02004899,Hertsmere 004,29
E02004900,Hertsmere 005,16
E02004901,Hertsmere 006,48
E02004902,Hertsmere 007,35
E02004903,Hertsmere 008,56
E02004904,Hertsmere 009,89
E02004905,Hertsmere 010,11
E02004906,Hertsmere 011,100
E02004907,Hertsmere 012,43
E02004908,Hertsmere 013,24
E02004909,North Hertfordshire 001,37
E02004910,North Hertfordshire 002,61
E02004911,North Hertfordshire 003,30
E02004912,North Hertfordshire 004,57
E02004914,North Hertfordshire 006,61
E02004915,North Hertfordshire 007,53
E02004916,North Hertfordshire 008,16
E02004917,North Hertfordshire 009,7
E02004918,North Hertfordshire 010,63
E02004919,North Hertfordshire 011,46
E02004920,North Hertfordshire 012,39
E02004921,North Hertfordshire 013,9
E02004922,North Hertfordshire 014,43
E02004923,North Hertfordshire 015,24
E02004924,St Albans 001,10
E02004925,St Albans 002,14
E02004926,St Albans 003,13
E02004927,St Albans 004,7
E02004928,St Albans 005,2
E02004929,St Albans 006,7
E02004930,St Albans 007,6
E02004931,St Albans 008,24
E02004932,St Albans 009,14
E02004933,St Albans 010,1
E02004934,St Albans 011,33
E02004935,St Albans 012,17
E02004936,St Albans 013,6
E02004937,St Albans 014,20
E02004939,St Albans 016,13
E02004940,St Albans 017,12
E02004941,St Albans 018,51
E02004942,St Albans 019,14
E02004943,St Albans 020,19
E02004944,Stevenage 001,185
E02004945,Stevenage 002,91
E02004946,Stevenage 003,39
E02004948,Stevenage 005,8
E02004949,Stevenage 006,51
E02004950,Stevenage 007,48
E02004951,Stevenage 008,22
E02004952,Stevenage 009,13
E02004953,Stevenage 010,11
E02004954,Stevenage 011,128
E02004955,Stevenage 012,10
E02004956,Three Rivers 001,39
E02004957,Three Rivers 002,76
E02004958,Three Rivers 003,37
E02004959,Three Rivers 004,8
E02004960,Three Rivers 005,5
E02004961,Three Rivers 006,9
E02004962,Three Rivers 007,12
E02004963,Three Rivers 008,16
E02004964,Three Rivers 009,9
E02004965,Three Rivers 010,10
E02004966,Three Rivers 011,6
E02004967,Three Rivers 012,53
E02004968,Watford 001,32
E02004969,Watford 002,8
E02004970,Watford 003,37
E02004971,Watford 004,31
E02004972,Watford 005,6
E02004973,Watford 006,15
E02004974,Watford 007,32
E02004975,Watford 008,36
E02004976,Watford 009,95
E02004977,Watford 010,13
E02004978,Watford 011,103
E02004979,Watford 012,12
E02004980,Welwyn Hatfield 001,6
E02004981,Welwyn Hatfield 002,31
E02004982,Welwyn Hatfield 003,14
E02004983,Welwyn Hatfield 004,16
E02004984,Welwyn Hatfield 005,12
E02004985,Welwyn Hatfield 006,18
E02004986,Welwyn Hatfield 007,273
E02004987,Welwyn Hatfield 008,45
E02004988,Welwyn Hatfield 009,36
E02004989,Welwyn Hatfield 010,69
E02004990,Welwyn Hatfield 011,34
E02004991,Welwyn Hatfield 012,41
E02004992,Welwyn Hatfield 013,33
E02004994,Welwyn Hatfield 015,3
E02004995,Welwyn Hatfield 016,8
E02004996,Ashford 001,44
E02004997,Ashford 002,29
E02004998,Ashford 003,24
E02005000,Ashford 005,73
E02005001,Ashford 006,45
E02005002,Ashford 007,64
E02005003,Ashford 008,90
E02005004,Ashford 009,89
E02005005,Ashford 010,156
E02005006,Ashford 011,30
E02005007,Ashford 012,83
E02005008,Ashford 013,72
E02005009,Ashford 014,19
E02005010,Canterbury 001,28
E02005011,Canterbury 002,65
E02005012,Canterbury 003,16
E02005013,Canterbury 004,19
E02005014,Canterbury 005,10
E02005015,Canterbury 006,90
E02005016,Canterbury 007,14
E02005017,Canterbury 008,17
E02005018,Canterbury 009,28
E02005019,Canterbury 010,27
E02005020,Canterbury 011,22
E02005021,Canterbury 012,11
E02005022,Canterbury 013,17
E02005023,Canterbury 014,69
E02005025,Canterbury 016,40
E02005026,Canterbury 017,11
E02005027,Canterbury 018,11
E02005028,Dartford 001,170
E02005029,Dartford 002,385
E02005030,Dartford 003,175
E02005031,Dartford 004,70
E02005032,Dartford 005,35
E02005033,Dartford 006,76
E02005034,Dartford 007,5
E02005035,Dartford 008,35
E02005036,Dartford 009,9
E02005037,Dartford 010,19
E02005038,Dartford 011,6
E02005039,Dartford 012,16
E02005040,Dartford 013,43
E02005041,Dover 001,27
E02005042,Dover 002,28
E02005043,Dover 003,50
E02005044,Dover 004,18
E02005045,Dover 005,62
E02005046,Dover 006,57
E02005047,Dover 007,14
E02005048,Dover 008,12
E02005049,Dover 009,19
E02005050,Dover 010,37
E02005051,Dover 011,19
E02005052,Dover 012,12
E02005053,Dover 013,13
E02005054,Dover 014,13
E02005055,Gravesham 001,53
E02005056,Gravesham 002,35
E02005057,Gravesham 003,69
E02005058,Gravesham 004,25
E02005059,Gravesham 005,17
E02005060,Gravesham 006,128
E02005061,Gravesham 007,23
E02005062,Gravesham 008,6
E02005063,Gravesham 009,35
E02005064,Gravesham 010,7
E02005065,Gravesham 011,31
E02005066,Gravesham 012,8
E02005067,Gravesham 013,10
E02005068,Maidstone 001,17
E02005069,Maidstone 002,27
E02005070,Maidstone 003,57
E02005071,Maidstone 004,69
E02005072,Maidstone 005,14
E02005073,Maidstone 006,133
E02005074,Maidstone 007,30
E02005075,Maidstone 008,137
E02005076,Maidstone 009,98
E02005077,Maidstone 010,37
E02005078,Maidstone 011,86
E02005079,Maidstone 012,65
E02005080,Maidstone 013,82
E02005081,Maidstone 014,35
E02005082,Maidstone 015,164
E02005083,Maidstone 016,77
E02005084,Maidstone 017,71
E02005085,Maidstone 018,84
E02005086,Maidstone 019,66
E02005087,Sevenoaks 001,21
E02005088,Sevenoaks 002,78
E02005089,Sevenoaks 003,32
E02005090,Sevenoaks 004,24
E02005091,Sevenoaks 005,75
E02005093,Sevenoaks 007,30
E02005094,Sevenoaks 008,137
E02005095,Sevenoaks 009,37
E02005096,Sevenoaks 010,142
E02005097,Sevenoaks 011,23
E02005098,Sevenoaks 012,15
E02005099,Sevenoaks 013,35
E02005100,Sevenoaks 014,197
E02005101,Sevenoaks 015,34
E02005102,Folkestone and Hythe 001,14
E02005103,Folkestone and Hythe 002,40
E02005104,Folkestone and Hythe 003,8
E02005105,Folkestone and Hythe 004,9
E02005106,Folkestone and Hythe 005,65
E02005107,Folkestone and Hythe 006,41
E02005109,Folkestone and Hythe 008,18
E02005110,Folkestone and Hythe 009,16
E02005111,Folkestone and Hythe 010,48
E02005112,Folkestone and Hythe 011,11
E02005113,Folkestone and Hythe 012,50
E02005114,Folkestone and Hythe 013,14
E02005115,Swale 001,14
E02005116,Swale 002,14
E02005117,Swale 003,8
E02005118,Swale 004,90
E02005119,Swale 005,39
E02005120,Swale 006,20
E02005121,Swale 007,102
E02005122,Swale 008,26
E02005123,Swale 009,94
E02005124,Swale 010,35
E02005125,Swale 011,50
E02005126,Swale 012,13
E02005127,Swale 013,69
E02005128,Swale 014,42
E02005129,Swale 015,78
E02005130,Swale 016,117
E02005131,Swale 017,7
E02005132,Thanet 001,20
E02005133,Thanet 002,30
E02005134,Thanet 003,11
E02005135,Thanet 004,9
E02005136,Thanet 005,6
E02005137,Thanet 006,11
E02005138,Thanet 007,19
E02005139,Thanet 008,14
E02005140,Thanet 009,8
E02005141,Thanet 010,35
E02005142,Thanet 011,11
E02005143,Thanet 012,9
E02005144,Thanet 013,24
E02005145,Thanet 014,33
E02005146,Thanet 015,8
E02005147,Thanet 016,17
E02005148,Thanet 017,16
E02005149,Tonbridge and Malling 001,131
E02005150,Tonbridge and Malling 002,118
E02005151,Tonbridge and Malling 003,91
E02005153,Tonbridge and Malling 005,72
E02005154,Tonbridge and Malling 006,51
E02005155,Tonbridge and Malling 007,104
E02005156,Tonbridge and Malling 008,45
E02005157,Tonbridge and Malling 009,55
E02005158,Tonbridge and Malling 010,12
E02005159,Tonbridge and Malling 011,34
E02005160,Tonbridge and Malling 012,218
E02005161,Tonbridge and Malling 013,68
E02005162,Tunbridge Wells 001,44
E02005163,Tunbridge Wells 002,18
E02005164,Tunbridge Wells 003,98
E02005165,Tunbridge Wells 004,20
E02005166,Tunbridge Wells 005,58
E02005167,Tunbridge Wells 006,19
E02005168,Tunbridge Wells 007,50
E02005169,Tunbridge Wells 008,48
E02005170,Tunbridge Wells 009,37
E02005171,Tunbridge Wells 010,26
E02005172,Tunbridge Wells 011,10
E02005173,Tunbridge Wells 012,16
E02005174,Tunbridge Wells 013,45
E02005175,Tunbridge Wells 014,34
E02005503,Breckland 001,14
E02005504,Breckland 002,24
E02005505,Breckland 003,28
E02005506,Breckland 004,12
E02005507,Breckland 005,27
E02005508,Breckland 006,22
E02005509,Breckland 007,28
E02005510,Breckland 008,9
E02005511,Breckland 009,42
E02005512,Breckland 010,43
E02005513,Breckland 011,85
E02005514,Breckland 012,8
E02005515,Breckland 013,7
E02005516,Breckland 014,11
E02005517,Breckland 015,12
E02005518,Breckland 016,48
E02005519,Breckland 017,14
E02005520,Broadland 001,40
E02005521,Broadland 002,22
E02005522,Broadland 003,18
E02005523,Broadland 004,39
E02005524,Broadland 005,15
E02005525,Broadland 006,28
E02005526,Broadland 007,15
E02005527,Broadland 008,52
E02005528,Broadland 009,10
E02005529,Broadland 010,4
E02005530,Broadland 011,14
E02005531,Broadland 012,11
E02005532,Broadland 013,76
E02005533,Broadland 014,58
E02005534,Broadland 015,11
E02005535,Broadland 016,21
E02005536,Broadland 017,35
E02005537,Broadland 018,27
E02005538,Great Yarmouth 001,20
E02005539,Great Yarmouth 002,8
E02005540,Great Yarmouth 003,14
E02005541,Great Yarmouth 004,2
E02005542,Great Yarmouth 005,17
E02005543,Great Yarmouth 006,15
E02005544,Great Yarmouth 007,5
E02005545,Great Yarmouth 008,15
E02005546,Great Yarmouth 009,13
E02005547,Great Yarmouth 010,7
E02005548,Great Yarmouth 011,5
E02005549,Great Yarmouth 012,4
E02005550,Great Yarmouth 013,8
E02005551,King's Lynn and West Norfolk 001,15
E02005552,King's Lynn and West Norfolk 002,20
E02005553,King's Lynn and West Norfolk 003,15
E02005554,King's Lynn and West Norfolk 004,15
E02005555,King's Lynn and West Norfolk 005,8
E02005556,King's Lynn and West Norfolk 006,22
E02005557,King's Lynn and West Norfolk 007,13
E02005558,King's Lynn and West Norfolk 008,5
E02005559,King's Lynn and West Norfolk 009,16
E02005560,King's Lynn and West Norfolk 010,51
E02005561,King's Lynn and West Norfolk 011,45
E02005562,King's Lynn and West Norfolk 012,9
E02005563,King's Lynn and West Norfolk 013,4
E02005564,King's Lynn and West Norfolk 014,13
E02005565,King's Lynn and West Norfolk 015,8
E02005566,King's Lynn and West Norfolk 016,12
E02005567,King's Lynn and West Norfolk 017,28
E02005568,King's Lynn and West Norfolk 018,12
E02005569,King's Lynn and West Norfolk 019,11
E02005570,North Norfolk 001,8
E02005571,North Norfolk 002,26
E02005572,North Norfolk 003,24
E02005573,North Norfolk 004,34
E02005574,North Norfolk 005,22
E02005575,North Norfolk 006,33
E02005576,North Norfolk 007,33
E02005577,North Norfolk 008,15
E02005578,North Norfolk 009,15
E02005580,North Norfolk 011,35
E02005581,North Norfolk 012,9
E02005582,North Norfolk 013,11
E02005583,North Norfolk 014,28
E02005584,Norwich 001,13
E02005585,Norwich 002,40
E02005586,Norwich 003,30
E02005587,Norwich 004,18
E02005588,Norwich 005,34
E02005589,Norwich 006,43
E02005592,Norwich 009,10
E02005593,Norwich 010,54
E02005594,Norwich 011,38
E02005595,Norwich 012,10
E02005596,Norwich 013,17
E02005598,South Norfolk 002,69
E02005599,South Norfolk 003,38
E02005600,South Norfolk 004,11
E02005601,South Norfolk 005,44
E02005602,South Norfolk 006,53
E02005603,South Norfolk 007,131
E02005604,South Norfolk 008,20
E02005605,South Norfolk 009,39
E02005606,South Norfolk 010,10
E02005607,South Norfolk 011,51
E02005608,South Norfolk 012,13
E02005609,South Norfolk 013,80
E02005610,South Norfolk 014,41
E02005611,South Norfolk 015,44
E02005921,Cherwell 001,74
E02005922,Cherwell 002,46
E02005923,Cherwell 003,34
E02005924,Cherwell 004,125
E02005925,Cherwell 005,24
E02005926,Cherwell 006,59
E02005927,Cherwell 007,27
E02005928,Cherwell 008,146
E02005929,Cherwell 009,35
E02005930,Cherwell 010,115
E02005931,Cherwell 011,104
E02005932,Cherwell 012,9
E02005933,Cherwell 013,32
E02005934,Cherwell 014,18
E02005935,Cherwell 015,124
E02005936,Cherwell 016,133
E02005937,Cherwell 017,28
E02005938,Cherwell 018,13
E02005939,Cherwell 019,102
E02005940,Oxford 001,31
E02005941,Oxford 002,19
E02005942,Oxford 003,35
E02005943,Oxford 004,13
E02005944,Oxford 005,49
E02005945,Oxford 006,38
E02005946,Oxford 007,20
E02005947,Oxford 008,30
E02005948,Oxford 009,20
E02005949,Oxford 010,27
E02005950,Oxford 011,20
E02005951,Oxford 012,22
E02005953,Oxford 014,16
E02005954,Oxford 015,47
E02005955,Oxford 016,72
E02005956,Oxford 017,39
E02005957,Oxford 018,181
E02005958,South Oxfordshire 001,9
E02005959,South Oxfordshire 002,25
E02005960,South Oxfordshire 003,87
E02005961,South Oxfordshire 004,12
E02005962,South Oxfordshire 005,106
E02005963,South Oxfordshire 006,20
E02005964,South Oxfordshire 007,27
E02005965,South Oxfordshire 008,18
E02005966,South Oxfordshire 009,56
E02005967,South Oxfordshire 010,179
E02005968,South Oxfordshire 011,27
E02005969,South Oxfordshire 012,105
E02005970,South Oxfordshire 013,23
E02005971,South Oxfordshire 014,48
E02005972,South Oxfordshire 015,263
E02005973,South Oxfordshire 016,26
E02005974,South Oxfordshire 017,19
E02005975,South Oxfordshire 018,22
E02005976,South Oxfordshire 019,22
E02005977,South Oxfordshire 020,26
E02005978,Vale of White Horse 001,28
E02005979,Vale of White Horse 002,39
E02005980,Vale of White Horse 003,38
E02005981,Vale of White Horse 004,17
E02005982,Vale of White Horse 005,8
E02005983,Vale of White Horse 006,64
E02005984,Vale of White Horse 007,97
E02005985,Vale of White Horse 008,45
E02005986,Vale of White Horse 009,79
E02005987,Vale of White Horse 010,91
E02005988,Vale of White Horse 011,85
E02005991,Vale of White Horse 014,83
E02005992,Vale of White Horse 015,255
E02005993,West Oxfordshire 001,55
E02005994,West Oxfordshire 002,22
E02005995,West Oxfordshire 003,40
E02005996,West Oxfordshire 004,66
E02005997,West Oxfordshire 005,42
E02005998,West Oxfordshire 006,65
E02005999,West Oxfordshire 007,40
E02006000,West Oxfordshire 008,94
E02006001,West Oxfordshire 009,96
E02006002,West Oxfordshire 010,181
E02006003,West Oxfordshire 011,49
E02006004,West Oxfordshire 012,54
E02006005,West Oxfordshire 013,105
E02006006,West Oxfordshire 014,19
E02006007,West Oxfordshire 015,67
E02006227,Babergh 001,25
E02006228,Babergh 002,2
E02006229,Babergh 003,25
E02006230,Babergh 004,34
E02006231,Babergh 005,11
E02006232,Babergh 006,5
E02006233,Babergh 007,58
E02006234,Babergh 008,53
E02006235,Babergh 009,15
E02006236,Babergh 010,41
E02006237,Babergh 011,20
E02006238,West Suffolk 002,44
E02006239,West Suffolk 001,10
E02006240,West Suffolk 003,144
E02006241,West Suffolk 004,33
E02006242,West Suffolk 007,140
E02006243,West Suffolk 008,96
E02006245,Ipswich 001,9
E02006246,Ipswich 002,4
E02006247,Ipswich 003,40
E02006248,Ipswich 004,4
E02006249,Ipswich 005,14
E02006250,Ipswich 006,28
E02006251,Ipswich 007,47
E02006252,Ipswich 008,39
E02006253,Ipswich 009,8
E02006254,Ipswich 010,30
E02006255,Ipswich 011,23
E02006256,Ipswich 012,67
E02006257,Ipswich 013,7
E02006258,Ipswich 014,16
E02006259,Ipswich 015,9
E02006260,Ipswich 016,9
E02006261,Mid Suffolk 001,17
E02006262,Mid Suffolk 002,32
E02006263,Mid Suffolk 003,10
E02006264,Mid Suffolk 004,42
E02006265,Mid Suffolk 005,49
E02006266,Mid Suffolk 006,91
E02006267,Mid Suffolk 007,14
E02006268,Mid Suffolk 008,30
E02006269,Mid Suffolk 009,17
E02006270,Mid Suffolk 010,60
E02006271,Mid Suffolk 011,54
E02006272,Mid Suffolk 012,28
E02006273,West Suffolk 005,23
E02006274,West Suffolk 006,7
E02006275,West Suffolk 009,17
E02006276,West Suffolk 016,87
E02006277,West Suffolk 012,62
E02006278,West Suffolk 011,63
E02006279,West Suffolk 014,26
E02006280,West Suffolk 010,31
E02006281,West Suffolk 013,24
E02006282,West Suffolk 017,18
E02006283,West Suffolk 018,24
E02006284,West Suffolk 019,32
E02006285,West Suffolk 021,15
E02006286,West Suffolk 020,25
E02006287,East Suffolk 016,12
E02006288,East Suffolk 017,22
E02006289,East Suffolk 018,29
E02006290,East Suffolk 019,11
E02006291,East Suffolk 020,18
E02006292,East Suffolk 021,15
E02006293,East Suffolk 023,17
E02006294,East Suffolk 022,12
E02006295,East Suffolk 024,10
E02006296,East Suffolk 025,23
E02006297,East Suffolk 026,14
E02006298,East Suffolk 027,22
E02006299,East Suffolk 028,5
E02006300,East Suffolk 029,8
E02006301,East Suffolk 030,9
E02006302,East Suffolk 001,15
E02006303,East Suffolk 002,9
E02006304,East Suffolk 003,14
E02006305,East Suffolk 004,25
E02006306,East Suffolk 005,12
E02006307,East Suffolk 007,7
E02006308,East Suffolk 006,7
E02006309,East Suffolk 009,3
E02006310,East Suffolk 008,11
E02006311,East Suffolk 010,32
E02006312,East Suffolk 011,7
E02006313,East Suffolk 012,19
E02006314,East Suffolk 013,19
E02006315,East Suffolk 014,29
E02006316,East Suffolk 015,11
E02006317,Elmbridge 001,32
E02006318,Elmbridge 002,56
E02006319,Elmbridge 003,27
E02006320,Elmbridge 004,83
E02006321,Elmbridge 005,10
E02006322,Elmbridge 006,7
E02006323,Elmbridge 007,69
E02006324,Elmbridge 008,25
E02006325,Elmbridge 009,13
E02006326,Elmbridge 010,91
E02006327,Elmbridge 011,3
E02006328,Elmbridge 012,30
E02006329,Elmbridge 013,23
E02006330,Elmbridge 014,42
E02006331,Elmbridge 015,17
E02006332,Elmbridge 016,23
E02006333,Elmbridge 017,10
E02006334,Elmbridge 018,28
E02006335,Epsom and Ewell 001,5
E02006336,Epsom and Ewell 002,36
E02006337,Epsom and Ewell 003,6
E02006338,Epsom and Ewell 004,29
E02006339,Epsom and Ewell 005,153
E02006341,Epsom and Ewell 007,55
E02006342,Epsom and Ewell 008,37
E02006343,Epsom and Ewell 009,7
E02006344,Guildford 001,31
E02006345,Guildford 002,20
E02006346,Guildford 003,26
E02006347,Guildford 004,19
E02006348,Guildford 005,31
E02006349,Guildford 006,99
E02006350,Guildford 007,34
E02006351,Guildford 008,28
E02006352,Guildford 009,46
E02006353,Guildford 010,13
E02006354,Guildford 011,42
E02006355,Guildford 012,24
E02006356,Guildford 013,104
E02006357,Guildford 014,62
E02006358,Guildford 015,80
E02006359,Guildford 016,9
E02006360,Guildford 017,49
E02006361,Guildford 018,14
E02006362,Mole Valley 001,11
E02006363,Mole Valley 002,11
E02006364,Mole Valley 003,100
E02006365,Mole Valley 004,27
E02006366,Mole Valley 005,12
E02006367,Mole Valley 006,32
E02006368,Mole Valley 007,4
E02006369,Mole Valley 008,17
E02006370,Mole Valley 009,12
E02006371,Mole Valley 010,39
E02006372,Mole Valley 011,61
E02006373,Mole Valley 012,27
E02006374,Mole Valley 013,27
E02006375,Reigate and Banstead 001,7
E02006376,Reigate and Banstead 002,26
E02006377,Reigate and Banstead 003,5
E02006378,Reigate and Banstead 004,54
E02006379,Reigate and Banstead 005,122
E02006380,Reigate and Banstead 006,4
E02006381,Reigate and Banstead 007,13
E02006382,Reigate and Banstead 008,53
E02006383,Reigate and Banstead 009,19
E02006384,Reigate and Banstead 010,100
E02006385,Reigate and Banstead 011,120
E02006386,Reigate and Banstead 012,30
E02006387,Reigate and Banstead 013,33
E02006388,Reigate and Banstead 014,31
E02006389,Reigate and Banstead 015,12
E02006390,Reigate and Banstead 016,151
E02006391,Reigate and Banstead 017,80
E02006392,Reigate and Banstead 018,107
E02006393,Runnymede 001,25
E02006394,Runnymede 002,43
E02006395,Runnymede 003,29
E02006396,Runnymede 004,20
E02006397,Runnymede 005,39
E02006398,Runnymede 006,47
E02006399,Runnymede 007,85
E02006400,Runnymede 008,12
E02006401,Runnymede 009,187
E02006402,Runnymede 010,20
E02006403,Spelthorne 001,73
E02006404,Spelthorne 002,78
E02006405,Spelthorne 003,35
E02006406,Spelthorne 004,36
E02006407,Spelthorne 005,19
E02006408,Spelthorne 006,65
E02006409,Spelthorne 007,32
E02006410,Spelthorne 008,63
E02006411,Spelthorne 009,16
E02006412,Spelthorne 010,50
E02006413,Spelthorne 011,19
E02006414,Spelthorne 012,27
E02006415,Spelthorne 013,20
E02006416,Surrey Heath 001,21
E02006417,Surrey Heath 002,28
E02006418,Surrey Heath 003,7
E02006419,Surrey Heath 004,35
E02006420,Surrey Heath 005,6
E02006421,Surrey Heath 006,97
E02006422,Surrey Heath 007,19
E02006423,Surrey Heath 008,80
E02006424,Surrey Heath 009,6
E02006425,Surrey Heath 010,9
E02006426,Surrey Heath 011,32
E02006427,Surrey Heath 012,20
E02006429,Tandridge 002,170
E02006430,Tandridge 003,68
E02006431,Tandridge 004,37
E02006432,Tandridge 005,8
E02006433,Tandridge 006,18
E02006434,Tandridge 007,30
E02006435,Tandridge 008,23
E02006436,Tandridge 009,11
E02006437,Tandridge 010,18
E02006438,Tandridge 011,22
E02006439,Waverley 001,40
E02006440,Waverley 002,8
E02006441,Waverley 003,72
E02006442,Waverley 004,5
E02006443,Waverley 005,47
E02006444,Waverley 006,29
E02006445,Waverley 007,23
E02006446,Waverley 008,28
E02006447,Waverley 009,46
E02006448,Waverley 010,20
E02006449,Waverley 011,53
E02006450,Waverley 012,41
E02006451,Waverley 013,134
E02006453,Waverley 015,47
E02006454,Waverley 016,16
E02006455,Waverley 017,11
E02006456,Woking 001,25
E02006457,Woking 002,5
E02006458,Woking 003,5
E02006459,Woking 004,35
E02006460,Woking 005,64
E02006461,Woking 006,10
E02006462,Woking 007,59
E02006463,Woking 008,32
E02006464,Woking 009,22
E02006465,Woking 010,5
E02006466,Woking 011,31
E02006467,Woking 012,46
E02006534,Adur 001,11
E02006535,Adur 002,22
E02006536,Adur 003,10
E02006537,Adur 004,34
E02006538,Adur 005,78
E02006539,Adur 006,10
E02006540,Adur 007,9
E02006541,Adur 008,11
E02006542,Arun 001,8
E02006543,Arun 002,14
E02006544,Arun 003,53
E02006545,Arun 004,195
E02006546,Arun 005,91
E02006547,Arun 006,58
E02006548,Arun 007,45
E02006549,Arun 008,11
E02006550,Arun 009,20
E02006551,Arun 010,24
E02006552,Arun 011,37
E02006553,Arun 012,106
E02006554,Arun 013,17
E02006555,Arun 014,23
E02006556,Arun 015,27
E02006557,Arun 016,37
E02006558,Arun 017,50
E02006559,Arun 018,3
E02006560,Arun 019,15
E02006561,Chichester 001,23
E02006562,Chichester 002,17
E02006563,Chichester 003,7
E02006564,Chichester 004,48
E02006565,Chichester 005,13
E02006566,Chichester 006,55
E02006567,Chichester 007,36
E02006568,Chichester 008,184
E02006569,Chichester 009,64
E02006570,Chichester 010,53
E02006571,Chichester 011,44
E02006572,Chichester 012,110
E02006573,Chichester 013,61
E02006574,Chichester 014,38
E02006575,Crawley 001,32
E02006576,Crawley 002,24
E02006577,Crawley 003,72
E02006578,Crawley 004,110
E02006579,Crawley 005,47
E02006580,Crawley 006,19
E02006581,Crawley 007,61
E02006582,Crawley 008,39
E02006583,Crawley 009,31
E02006584,Crawley 010,40
E02006585,Crawley 011,19
E02006586,Crawley 012,20
E02006587,Crawley 013,47
E02006588,Horsham 001,137
E02006589,Horsham 002,63
E02006590,Horsham 003,48
E02006591,Horsham 004,27
E02006592,Horsham 005,31
E02006593,Horsham 006,89
E02006594,Horsham 007,101
E02006595,Horsham 008,32
E02006596,Horsham 009,122
E02006597,Horsham 010,167
E02006598,Horsham 011,9
E02006599,Horsham 012,16
E02006600,Horsham 013,53
E02006601,Horsham 014,82
E02006602,Horsham 015,78
E02006603,Horsham 016,19
E02006604,Mid Sussex 001,56
E02006605,Mid Sussex 002,23
E02006606,Mid Sussex 003,41
E02006607,Mid Sussex 004,17
E02006608,Mid Sussex 005,43
E02006609,Mid Sussex 006,11
E02006610,Mid Sussex 007,46
E02006611,Mid Sussex 008,44
E02006612,Mid Sussex 009,79
E02006613,Mid Sussex 010,47
E02006614,Mid Sussex 011,132
E02006615,Mid Sussex 012,53
E02006616,Mid Sussex 013,84
E02006617,Mid Sussex 014,30
E02006618,Mid Sussex 015,28
E02006619,Mid Sussex 016,41
E02006620,Mid Sussex 017,34
E02006621,Worthing 001,7
E02006622,Worthing 002,9
E02006623,Worthing 003,16
E02006624,Worthing 004,4
E02006625,Worthing 005,27
E02006626,Worthing 006,102
E02006627,Worthing 007,35
E02006628,Worthing 008,20
E02006629,Worthing 009,15
E02006630,Worthing 010,23
E02006631,Worthing 011,29
E02006632,Worthing 012,19
E02006633,Worthing 013,9
E02006782,Bromley 040,31
E02006783,Lewisham 037,17
E02006784,Lewisham 038,23
E02006785,Bexley 029,25
E02006786,Greenwich 033,49
E02006787,Bromley 041,34
E02006788,Croydon 045,12
E02006789,Bromley 042,16
E02006790,Tandridge 012,9
E02006791,Ealing 040,37
E02006792,Hounslow 029,33
E02006793,Enfield 037,45
E02006794,Haringey 037,164
E02006795,Harrow 032,11
E02006796,Hillingdon 033,37
E02006798,Lewisham 039,52
E02006799,Barking and Dagenham 023,75
E02006800,Redbridge 034,42
E02006801,Lambeth 036,53
E02006802,Southwark 034,183
E02006821,Portsmouth 026,8
E02006822,Havant 018,25
E02006823,Buckinghamshire 039,22
E02006824,Buckinghamshire 036,17
E02006825,East Cambridgeshire 011,42
E02006826,West Suffolk 015,22
E02006829,East Hampshire 016,64
E02006830,Havant 019,59
E02006831,Havant 020,6
E02006832,Sevenoaks 016,33
E02006833,Tonbridge and Malling 014,109
E02006836,Sutton 025,35
E02006837,Epsom and Ewell 010,33
E02006838,East Hampshire 017,25
E02006839,Waverley 018,24
E02006853,Tower Hamlets 032,130
E02006854,Tower Hamlets 033,78
E02006855,Canterbury 019,26
E02006856,Canterbury 020,63
E02006857,Eastbourne 013,18
E02006858,Eastbourne 014,28
E02006859,Thurrock 019,5
E02006873,South Cambridgeshire 020,282
E02006874,South Cambridgeshire 021,130
E02006877,Peterborough 022,91
E02006878,Peterborough 023,126
E02006879,Folkestone and Hythe 014,29
E02006880,Folkestone and Hythe 015,6
E02006882,Harrow 033,53
E02006886,Vale of White Horse 016,125
E02006907,Norwich 014,27
E02006908,Norwich 015,13
E02006918,Hackney 028,95
E02006921,Hackney 029,19
E02006922,Colchester 022,26
E02006924,Redbridge 035,18
E02006925,Redbridge 036,5
E02006926,Thurrock 020,10
E02006927,Greenwich 034,196
E02006928,Greenwich 035,252
E02006930,Greenwich 037,164
E02006931,Greenwich 038,35
E02006937,Luton 022,34
E02006938,Luton 023,12
E02006939,Reading 019,84
E02006940,Reading 020,53
E02006941,Southwark 035,22
E02006942,Southwark 036,67
E02006953,Barnet 042,153
E02006954,Barnet 043,154
E02006955,Brent 035,131
E02006956,Brent 036,31
E02006968,Ealing 041,16
E02006969,Ealing 042,93
E02006970,Ealing 043,80
E02006971,Ealing 044,31
E02006972,Hounslow 030,87
E02006973,Hounslow 031,122
E02006975,Portsmouth 027,57
E02006976,Portsmouth 028,49
E02006978,Chelmsford 022,69
E02006979,Chelmsford 023,170
E02006980,Rochford 011,9
E02006981,Rochford 012,16
E02006987,Croydon 046,158
E02006988,Croydon 047,22
E02006991,Greenwich 039,271
E02006992,Greenwich 040,147
E02006993,Greenwich 041,243
E02006994,Greenwich 042,45
E02006995,Newham 038,215
E02006996,Newham 039,219
E02006997,Newham 040,199
E02006998,Newham 041,56
E02006999,Newham 042,212
E02007004,Thurrock 021,53
E02007005,Thurrock 022,89
E02007008,Lewisham 040,146
E02007009,Lewisham 041,83
E02007010,Bedford 021,114
E02007011,Bedford 022,190
E02007012,Milton Keynes 033,309
E02007013,Milton Keynes 034,408
E02007014,Milton Keynes 035,344
E02007015,Milton Keynes 036,489
E02007016,Milton Keynes 037,350
E02007017,Redbridge 037,37
E02007018,Redbridge 038,48
E02007019,Redbridge 039,31
E02007020,Redbridge 040,11
E02007021,Oxford 020,20
E02007032,North Norfolk 015,22
E02007033,North Norfolk 016,19
E02007046,Ashford 015,26
E02007047,Ashford 016,68
E02007052,Norwich 016,8
E02007053,Norwich 017,9
E02007054,South Norfolk 016,57
E02007055,South Norfolk 017,53
E02007056,Colchester 023,59
E02007057,Colchester 024,26
E02007068,Slough 015,42
E02007069,Slough 016,33
E02007074,Southampton 033,69
E02007075,Southampton 034,50
E02007076,Test Valley 016,220
E02007077,Test Valley 017,235
E02007078,Test Valley 018,20
E02007083,Wandsworth 038,329
E02007084,Wandsworth 039,91
E02007085,South Cambridgeshire 022,89
E02007086,Cambridge 015,294
E02007087,Cambridge 014,54
E02007088,North Hertfordshire 016,30
E02007089,North Hertfordshire 017,66
E02007090,St Albans 021,14
E02007091,Stevenage 013,10
E02007092,Welwyn Hatfield 017,7
E02007093,East Hertfordshire 019,41
E02007108,Hackney 030,49
E02007109,Hackney 031,65
E02007110,Hackney 032,85
E02007111,Hackney 033,66
E02007112,Tower Hamlets 034,62
E02007113,Tower Hamlets 035,90
E02007114,Tower Hamlets 036,93
E02007115,Camden 029,23
E02007116,Oxford 019,94